speaker,party,total_speeches,mean_labels_per_speech,emotion_rate,rhetoric_rate,median_chars,AGRESJA_WERBALNA,AGRESJA_WERBALNA_count,STRATEGIA_STRACHU,STRATEGIA_STRACHU_count,DEHUMANIZACJA_POGARDA,DEHUMANIZACJA_POGARDA_count,DUMA_I_SUKCES,DUMA_I_SUKCES_count,MESJANIZM_MORALNY,MESJANIZM_MORALNY_count,POLARYZACJA_MY_ONI,POLARYZACJA_MY_ONI_count,AD_HOMINEM,AD_HOMINEM_count,OBLEZIONA_TWIERDZA,OBLEZIONA_TWIERDZA_count,PRZYPISYWANIE_ZLYCH_INTENCJI,PRZYPISYWANIE_ZLYCH_INTENCJI_count,WHATABOUTISM,WHATABOUTISM_count,SOFIZMAT_ROZSZERZENIA,SOFIZMAT_ROZSZERZENIA_count,DOWOD_ANEGDOTYCZNY,DOWOD_ANEGDOTYCZNY_count,APEL_O_JEDNOSC,APEL_O_JEDNOSC_count
"Adamczyk, Andrzej",PiS,89,3.247191011235955,0.8314606741573034,2.4157303370786516,2589.0,0.12359550561797752,11,0.02247191011235955,2,0.0449438202247191,4,0.6179775280898876,55,0.02247191011235955,2,0.7528089887640449,67,0.25842696629213485,23,0.30337078651685395,27,0.39325842696629215,35,0.24719101123595505,22,0.02247191011235955,2,0.29213483146067415,26,0.14606741573033707,13
"Adamczyk, Rafał",Lewica,250,1.144,0.336,0.808,592.5,0.04,10,0.132,33,0.0,0,0.16,40,0.004,1,0.384,96,0.008,2,0.044,11,0.16,40,0.008,2,0.032,8,0.104,26,0.068,17
"Ajchler, Romuald",Lewica,61,2.442622950819672,0.7377049180327869,1.7049180327868851,1060.0,0.18032786885245902,11,0.18032786885245902,11,0.04918032786885246,3,0.3114754098360656,19,0.01639344262295082,1,0.7377049180327869,45,0.03278688524590164,2,0.13114754098360656,8,0.29508196721311475,18,0.0,0,0.04918032786885246,3,0.4262295081967213,26,0.03278688524590164,2
"Ajchler, Zbigniew",KO,201,3.0248756218905473,1.0149253731343284,2.009950248756219,1056.0,0.23383084577114427,47,0.2935323383084577,59,0.04975124378109453,10,0.39800995024875624,80,0.03980099502487562,8,0.8706467661691543,175,0.11940298507462686,24,0.20398009950248755,41,0.29850746268656714,60,0.0,0,0.024875621890547265,5,0.4129353233830846,83,0.07960199004975124,16
"Ambrozik, Rafał",PiS,314,0.7484076433121019,0.1337579617834395,0.6146496815286624,739.5,0.03184713375796178,10,0.012738853503184714,4,0.012738853503184714,4,0.06050955414012739,19,0.01592356687898089,5,0.2802547770700637,88,0.054140127388535034,17,0.08598726114649681,27,0.12101910828025478,38,0.01910828025477707,6,0.009554140127388535,3,0.044585987261146494,14,0.0,0
"Andzel, Waldemar",PiS,297,2.016835016835017,1.063973063973064,0.9528619528619529,1261.0,0.02356902356902357,7,0.07744107744107744,23,0.020202020202020204,6,0.6666666666666666,198,0.2760942760942761,82,0.531986531986532,158,0.013468013468013467,4,0.05723905723905724,17,0.12457912457912458,37,0.03367003367003367,10,0.006734006734006734,2,0.09427609427609428,28,0.09090909090909091,27
"Apel, Piotr",Kukiz15,85,2.8588235294117648,0.8352941176470589,2.023529411764706,1024.0,0.10588235294117647,9,0.2823529411764706,24,0.047058823529411764,4,0.3411764705882353,29,0.058823529411764705,5,0.8235294117647058,70,0.047058823529411764,4,0.1411764705882353,12,0.4117647058823529,35,0.023529411764705882,2,0.08235294117647059,7,0.3764705882352941,32,0.11764705882352941,10
"Ardanowski, Jan Krzysztof",PiS,135,2.859259259259259,1.0148148148148148,1.8444444444444446,2062.0,0.037037037037037035,5,0.1037037037037037,14,0.037037037037037035,5,0.7333333333333333,99,0.1037037037037037,14,0.7185185185185186,97,0.1111111111111111,15,0.17777777777777778,24,0.25925925925925924,35,0.06666666666666667,9,0.05925925925925926,8,0.21481481481481482,29,0.23703703703703705,32
"Arndt, Paweł",KO,100,0.8,0.19,0.61,1087.0,0.01,1,0.05,5,0.01,1,0.12,12,0.0,0,0.27,27,0.0,0,0.04,4,0.14,14,0.01,1,0.01,1,0.11,11,0.03,3
"Augustyn, Mieczysław",KO,905,1.8475138121546961,0.49613259668508286,1.3513812154696132,1059.0,0.056353591160221,51,0.16353591160220995,148,0.022099447513812154,20,0.19668508287292819,178,0.057458563535911604,52,0.5414364640883977,490,0.05414364640883978,49,0.12154696132596685,110,0.3116022099447514,282,0.03756906077348066,34,0.039779005524861875,36,0.18453038674033148,167,0.06077348066298342,55
"Augustyn, Urszula",KO,104,3.894230769230769,1.1538461538461537,2.7403846153846154,1388.0,0.49038461538461536,51,0.18269230769230768,19,0.08653846153846154,9,0.2692307692307692,28,0.125,13,0.9038461538461539,94,0.16346153846153846,17,0.41346153846153844,43,0.7115384615384616,74,0.04807692307692308,5,0.057692307692307696,6,0.38461538461538464,40,0.057692307692307696,6
"Augustynowska, Joanna",KO,129,2.883720930232558,0.8372093023255814,2.046511627906977,1208.0,0.14728682170542637,19,0.2868217054263566,37,0.06201550387596899,8,0.31007751937984496,40,0.031007751937984496,4,0.7906976744186046,102,0.07751937984496124,10,0.20155038759689922,26,0.43410852713178294,56,0.03875968992248062,5,0.07751937984496124,10,0.35658914728682173,46,0.06976744186046512,9
"Babalski, Zbigniew",PiS,101,2.0792079207920793,0.6039603960396039,1.4752475247524752,1390.0,0.06930693069306931,7,0.04950495049504951,5,0.019801980198019802,2,0.42574257425742573,43,0.039603960396039604,4,0.5841584158415841,59,0.1188118811881188,12,0.22772277227722773,23,0.1782178217821782,18,0.1188118811881188,12,0.019801980198019802,2,0.16831683168316833,17,0.0594059405940594,6
"Babinetz, Piotr",PiS,95,1.8526315789473684,1.0,0.8526315789473684,2793.0,0.0,0,0.05263157894736842,5,0.031578947368421054,3,0.6526315789473685,62,0.2631578947368421,25,0.5368421052631579,51,0.0,0,0.042105263157894736,4,0.031578947368421054,3,0.0,0,0.0,0,0.042105263157894736,4,0.2,19
"Bartosik, Ryszard",PiS,181,1.0662983425414365,0.3812154696132597,0.6850828729281768,1417.0,0.022099447513812154,4,0.016574585635359115,3,0.0055248618784530384,1,0.3259668508287293,59,0.011049723756906077,2,0.281767955801105,51,0.03314917127071823,6,0.022099447513812154,4,0.09392265193370165,17,0.049723756906077346,9,0.0055248618784530384,1,0.09944751381215469,18,0.09944751381215469,18
"Bartuś, Barbara",PiS,292,2.191780821917808,0.821917808219178,1.36986301369863,1570.0,0.05821917808219178,17,0.10616438356164383,31,0.0273972602739726,8,0.5342465753424658,156,0.0958904109589041,28,0.547945205479452,160,0.05136986301369863,15,0.136986301369863,40,0.1917808219178082,56,0.0821917808219178,24,0.02054794520547945,6,0.1815068493150685,53,0.15753424657534246,46
"Bańkowski, Paweł",KO,164,1.8048780487804879,0.4146341463414634,1.3902439024390243,1107.0,0.06097560975609756,10,0.23780487804878048,39,0.024390243902439025,4,0.07317073170731707,12,0.018292682926829267,3,0.5548780487804879,91,0.012195121951219513,2,0.17073170731707318,28,0.40853658536585363,67,0.018292682926829267,3,0.012195121951219513,2,0.18902439024390244,31,0.024390243902439025,4
"Bejda, Paweł",KP-PSL,105,2.761904761904762,0.780952380952381,1.980952380952381,1196.0,0.14285714285714285,15,0.3142857142857143,33,0.0761904761904762,8,0.2,21,0.047619047619047616,5,0.7142857142857143,75,0.14285714285714285,15,0.11428571428571428,12,0.4857142857142857,51,0.06666666666666667,7,0.09523809523809523,10,0.2761904761904762,29,0.08571428571428572,9
"Berkowicz, Konrad",Konfederacja,72,4.277777777777778,1.3194444444444444,2.9583333333333335,1042.0,0.3055555555555556,22,0.3055555555555556,22,0.2222222222222222,16,0.3333333333333333,24,0.1527777777777778,11,0.9861111111111112,71,0.08333333333333333,6,0.16666666666666666,12,0.6527777777777778,47,0.19444444444444445,14,0.3194444444444444,23,0.5416666666666666,39,0.013888888888888888,1
"Bernacki, Włodzimierz",PiS,108,1.3425925925925926,0.4074074074074074,0.9351851851851852,1241.5,0.046296296296296294,5,0.05555555555555555,6,0.027777777777777776,3,0.24074074074074073,26,0.037037037037037035,4,0.37962962962962965,41,0.06481481481481481,7,0.1111111111111111,12,0.12037037037037036,13,0.0,0,0.018518518518518517,2,0.1388888888888889,15,0.10185185185185185,11
"Bieda, Halina",KO,108,0.4722222222222222,0.18518518518518517,0.28703703703703703,627.0,0.0,0,0.009259259259259259,1,0.0,0,0.16666666666666666,18,0.009259259259259259,1,0.08333333333333333,9,0.009259259259259259,1,0.027777777777777776,3,0.018518518518518517,2,0.0,0,0.0,0,0.046296296296296294,5,0.10185185185185185,11
"Biejat, Magdalena",Lewica,80,3.625,1.225,2.4,1262.0,0.2625,21,0.425,34,0.05,4,0.3625,29,0.125,10,0.9125,73,0.05,4,0.2625,21,0.5875,47,0.0625,5,0.05,4,0.4,32,0.075,6
"Bielecki, Jerzy",PiS,50,0.54,0.16,0.38,929.5,0.0,0,0.0,0,0.0,0,0.16,8,0.0,0,0.16,8,0.0,0,0.0,0,0.08,4,0.04,2,0.0,0,0.06,3,0.04,2
"Bierecki, Grzegorz",PiS,376,1.6914893617021276,0.5079787234042553,1.1835106382978724,1442.0,0.0425531914893617,16,0.047872340425531915,18,0.05053191489361702,19,0.324468085106383,122,0.0425531914893617,16,0.48138297872340424,181,0.11436170212765957,43,0.07446808510638298,28,0.2074468085106383,78,0.06914893617021277,26,0.007978723404255319,3,0.1702127659574468,64,0.05851063829787234,22
"Biernat, Zbigniew",PiS,62,1.1612903225806452,0.3709677419354839,0.7903225806451613,847.0,0.016129032258064516,1,0.04838709677419355,3,0.03225806451612903,2,0.27419354838709675,17,0.0,0,0.3709677419354839,23,0.04838709677419355,3,0.06451612903225806,4,0.08064516129032258,5,0.06451612903225806,4,0.016129032258064516,1,0.11290322580645161,7,0.03225806451612903,2
"Bobko, Aleksander",PiS,120,2.1,0.7583333333333333,1.3416666666666666,2833.5,0.008333333333333333,1,0.10833333333333334,13,0.08333333333333333,10,0.425,51,0.13333333333333333,16,0.48333333333333334,58,0.03333333333333333,4,0.14166666666666666,17,0.175,21,0.06666666666666667,8,0.06666666666666667,8,0.13333333333333333,16,0.24166666666666667,29
"Bochenek, Mateusz",KO,71,2.591549295774648,0.9577464788732394,1.6338028169014085,956.0,0.15492957746478872,11,0.29577464788732394,21,0.0,0,0.4225352112676056,30,0.08450704225352113,6,0.6338028169014085,45,0.028169014084507043,2,0.28169014084507044,20,0.28169014084507044,20,0.014084507042253521,1,0.014084507042253521,1,0.2535211267605634,18,0.1267605633802817,9
"Bogucki, Jacek",PiS,139,1.8633093525179856,0.5323741007194245,1.330935251798561,2437.0,0.050359712230215826,7,0.04316546762589928,6,0.02877697841726619,4,0.3597122302158273,50,0.050359712230215826,7,0.4892086330935252,68,0.10071942446043165,14,0.1223021582733813,17,0.22302158273381295,31,0.07913669064748201,11,0.03597122302158273,5,0.22302158273381295,31,0.05755395683453238,8
"Borowiec, Agata",PiS,54,0.7222222222222222,0.3148148148148148,0.4074074074074074,1064.0,0.0,0,0.0,0,0.0,0,0.2222222222222222,12,0.09259259259259259,5,0.2222222222222222,12,0.0,0,0.037037037037037035,2,0.037037037037037035,2,0.0,0,0.018518518518518517,1,0.07407407407407407,4,0.018518518518518517,1
"Borowski, Marek",KO,177,2.2033898305084745,0.5254237288135594,1.6779661016949152,1608.0,0.10734463276836158,19,0.1016949152542373,18,0.03954802259887006,7,0.1864406779661017,33,0.0903954802259887,16,0.576271186440678,102,0.1638418079096045,29,0.12994350282485875,23,0.3615819209039548,64,0.11864406779661017,21,0.07344632768361582,13,0.2033898305084746,36,0.05084745762711865,9
"Borusewicz, Bogdan",KO,971,1.8218331616889805,0.45417095777548916,1.3676622039134911,699.0,0.05252317198764161,51,0.15550978372811536,151,0.029866117404737384,29,0.1349124613800206,131,0.08135942327497425,79,0.5355303810504635,520,0.10710607621009269,104,0.15859938208032956,154,0.3429454170957775,333,0.029866117404737384,29,0.05458290422245108,53,0.1266735324407827,123,0.012358393408856848,12
"Borys, Piotr",KO,141,3.049645390070922,1.0212765957446808,2.028368794326241,1119.0,0.2127659574468085,30,0.3191489361702128,45,0.014184397163120567,2,0.41134751773049644,58,0.06382978723404255,9,0.7446808510638298,105,0.02127659574468085,3,0.2553191489361702,36,0.3475177304964539,49,0.014184397163120567,2,0.014184397163120567,2,0.4397163120567376,62,0.19148936170212766,27
"Borys-Damięcka, Barbara",KO,127,1.5433070866141732,0.3779527559055118,1.1653543307086613,1036.0,0.09448818897637795,12,0.07874015748031496,10,0.06299212598425197,8,0.11023622047244094,14,0.031496062992125984,4,0.47244094488188976,60,0.10236220472440945,13,0.13385826771653545,17,0.2755905511811024,35,0.007874015748031496,1,0.047244094488188976,6,0.08661417322834646,11,0.03937007874015748,5
"Borys-Szopa, Bożena",PiS,94,1.8085106382978724,0.6276595744680851,1.1808510638297873,1225.0,0.06382978723404255,6,0.0,0,0.031914893617021274,3,0.44680851063829785,42,0.0851063829787234,8,0.4148936170212766,39,0.1276595744680851,12,0.14893617021276595,14,0.1276595744680851,12,0.07446808510638298,7,0.0,0,0.11702127659574468,11,0.1702127659574468,16
"Bosacki, Marcin",KO,164,2.9390243902439024,0.9695121951219512,1.9695121951219512,1546.0,0.07926829268292683,13,0.25,41,0.0975609756097561,16,0.3475609756097561,57,0.1951219512195122,32,0.7378048780487805,121,0.14634146341463414,24,0.20121951219512196,33,0.5487804878048781,90,0.07317073170731707,12,0.024390243902439025,4,0.1951219512195122,32,0.042682926829268296,7
"Bosak, Krzysztof",Konfederacja,115,4.060869565217391,1.3478260869565217,2.7130434782608694,2641.0,0.22608695652173913,26,0.41739130434782606,48,0.09565217391304348,11,0.4608695652173913,53,0.14782608695652175,17,0.9391304347826087,108,0.11304347826086956,13,0.34782608695652173,40,0.7217391304347827,83,0.10434782608695652,12,0.05217391304347826,6,0.3652173913043478,42,0.06956521739130435,8
"Braun, Grzegorz",Konfederacja,311,4.369774919614148,1.585209003215434,2.784565916398714,973.0,0.3633440514469453,113,0.45980707395498394,143,0.37942122186495175,118,0.2540192926045016,79,0.12861736334405144,40,0.9903536977491961,308,0.1639871382636656,51,0.33440514469453375,104,0.7459807073954984,232,0.04180064308681672,13,0.22186495176848875,69,0.27009646302250806,84,0.01607717041800643,5
"Brejza, Krzysztof",KO,261,3.4329501915708813,0.946360153256705,2.4865900383141764,1031.0,0.21839080459770116,57,0.3486590038314176,91,0.08812260536398467,23,0.19157088122605365,50,0.09961685823754789,26,0.8812260536398467,230,0.13793103448275862,36,0.3563218390804598,93,0.6934865900383141,181,0.07279693486590039,19,0.10344827586206896,27,0.23371647509578544,61,0.007662835249042145,2
"Brynkus, Józef",Kukiz15,236,3.305084745762712,1.0805084745762712,2.2245762711864407,1510.5,0.19491525423728814,46,0.2288135593220339,54,0.15254237288135594,36,0.3559322033898305,84,0.1483050847457627,35,0.8898305084745762,210,0.1016949152542373,24,0.1271186440677966,30,0.5084745762711864,120,0.05508474576271186,13,0.09322033898305085,22,0.423728813559322,100,0.025423728813559324,6
"Bubula, Barbara",PiS,66,2.727272727272727,1.0606060606060606,1.6666666666666667,2482.5,0.0,0,0.12121212121212122,8,0.015151515151515152,1,0.6515151515151515,43,0.2727272727272727,18,0.6363636363636364,42,0.06060606060606061,4,0.24242424242424243,16,0.25757575757575757,17,0.06060606060606061,4,0.015151515151515152,1,0.21212121212121213,14,0.18181818181818182,12
"Buda, Waldemar",PiS,265,1.818867924528302,0.6,1.2188679245283018,1237.0,0.06415094339622641,17,0.07169811320754717,19,0.03018867924528302,8,0.3886792452830189,103,0.045283018867924525,12,0.4981132075471698,132,0.12075471698113208,32,0.12075471698113208,32,0.2037735849056604,54,0.022641509433962263,6,0.03773584905660377,10,0.13962264150943396,37,0.07547169811320754,20
"Budka, Borys",KO,297,4.794612794612795,1.6936026936026936,3.101010101010101,1079.0,0.6195286195286195,184,0.3569023569023569,106,0.3333333333333333,99,0.20202020202020202,60,0.18181818181818182,54,0.9730639730639731,289,0.23232323232323232,69,0.5353535353535354,159,0.8484848484848485,252,0.10774410774410774,32,0.09427609427609428,28,0.22895622895622897,68,0.08080808080808081,24
"Burzyńska, Lidia",PiS,161,1.813664596273292,0.639751552795031,1.173913043478261,1157.0,0.06832298136645963,11,0.024844720496894408,4,0.043478260869565216,7,0.484472049689441,78,0.018633540372670808,3,0.4906832298136646,79,0.08074534161490683,13,0.12422360248447205,20,0.14285714285714285,23,0.06832298136645963,11,0.012422360248447204,2,0.16149068322981366,26,0.09316770186335403,15
"Buż, Wiesław",Lewica,50,1.42,0.46,0.96,980.5,0.0,0,0.32,16,0.0,0,0.14,7,0.0,0,0.5,25,0.0,0,0.06,3,0.22,11,0.0,0,0.02,1,0.1,5,0.06,3
"Bąk, Dariusz",PiS,59,3.593220338983051,1.5423728813559323,2.0508474576271185,1941.0,0.11864406779661017,7,0.1864406779661017,11,0.0847457627118644,5,0.6610169491525424,39,0.4915254237288136,29,0.8135593220338984,48,0.1016949152542373,6,0.3898305084745763,23,0.3728813559322034,22,0.06779661016949153,4,0.01694915254237288,1,0.2033898305084746,12,0.0847457627118644,5
"Błaszczak, Mariusz",PiS,64,4.15625,1.59375,2.5625,2290.0,0.296875,19,0.21875,14,0.171875,11,0.65625,42,0.25,16,0.90625,58,0.296875,19,0.3125,20,0.5,32,0.21875,14,0.046875,3,0.171875,11,0.109375,7
"Błaszczyk, Przemysław",PiS,63,0.38095238095238093,0.12698412698412698,0.25396825396825395,950.0,0.0,0,0.0,0,0.0,0,0.12698412698412698,8,0.0,0,0.12698412698412698,8,0.0,0,0.015873015873015872,1,0.0,0,0.015873015873015872,1,0.0,0,0.06349206349206349,4,0.031746031746031744,2
"Chmiel, Małgorzata",KO,389,3.0925449871465296,0.8920308483290489,2.2005141388174807,858.0,0.2262210796915167,88,0.3393316195372751,132,0.02313624678663239,9,0.2570694087403599,100,0.04627249357326478,18,0.8508997429305912,331,0.06940874035989718,27,0.1953727506426735,76,0.622107969151671,242,0.05141388174807198,20,0.08226221079691516,32,0.30848329048843187,120,0.02056555269922879,8
"Chrobak, Barbara",Kukiz15,100,2.78,0.99,1.79,2207.5,0.03,3,0.27,27,0.09,9,0.48,48,0.12,12,0.76,76,0.06,6,0.07,7,0.32,32,0.02,2,0.05,5,0.41,41,0.1,10
"Chruszcz, Sylwester",PiS,280,1.5071428571428571,0.6142857142857143,0.8928571428571429,1347.5,0.017857142857142856,5,0.14285714285714285,40,0.017857142857142856,5,0.375,105,0.060714285714285714,17,0.45,126,0.02142857142857143,6,0.05714285714285714,16,0.12857142857142856,36,0.007142857142857143,2,0.0035714285714285713,1,0.125,35,0.1,28
"Chróścikowski, Jerzy",PiS,259,1.3783783783783783,0.4671814671814672,0.9111969111969112,1486.0,0.003861003861003861,1,0.0888030888030888,23,0.003861003861003861,1,0.3359073359073359,87,0.03474903474903475,9,0.3436293436293436,89,0.015444015444015444,4,0.08494208494208494,22,0.06177606177606178,16,0.02702702702702703,7,0.0,0,0.24324324324324326,63,0.13513513513513514,35
"Chybicka, Alicja",KO,223,2.282511210762332,0.852017937219731,1.4304932735426008,1296.0,0.026905829596412557,6,0.452914798206278,101,0.013452914798206279,3,0.28699551569506726,64,0.07174887892376682,16,0.6053811659192825,135,0.03587443946188341,8,0.1031390134529148,23,0.13004484304932734,29,0.0,0,0.04035874439461883,9,0.4304932735426009,96,0.08520179372197309,19
"Cichoń, Janusz",KO,209,3.3301435406698565,0.9569377990430622,2.373205741626794,1254.0,0.24880382775119617,52,0.37799043062200954,79,0.05263157894736842,11,0.22966507177033493,48,0.04784688995215311,10,0.9043062200956937,189,0.07177033492822966,15,0.20095693779904306,42,0.6555023923444976,137,0.06698564593301436,14,0.07177033492822966,15,0.3875598086124402,81,0.014354066985645933,3
"Cichoń, Zbigniew",PiS,290,1.5931034482758621,0.5758620689655173,1.0172413793103448,1800.0,0.02413793103448276,7,0.041379310344827586,12,0.04827586206896552,14,0.3482758620689655,101,0.11379310344827587,33,0.4206896551724138,122,0.07586206896551724,22,0.07241379310344828,21,0.07586206896551724,22,0.027586206896551724,8,0.03103448275862069,9,0.22758620689655173,66,0.08620689655172414,25
"Cymański, Tadeusz",PiS,107,3.8130841121495327,1.4672897196261683,2.3457943925233646,1660.0,0.14018691588785046,15,0.08411214953271028,9,0.19626168224299065,21,0.7850467289719626,84,0.2616822429906542,28,0.8504672897196262,91,0.18691588785046728,20,0.27102803738317754,29,0.2803738317757009,30,0.16822429906542055,18,0.028037383177570093,3,0.34579439252336447,37,0.21495327102803738,23
"Czabański, Krzysztof",PiS,96,1.5520833333333333,0.3958333333333333,1.15625,1531.0,0.09375,9,0.03125,3,0.03125,3,0.17708333333333334,17,0.0625,6,0.4895833333333333,47,0.13541666666666666,13,0.15625,15,0.17708333333333334,17,0.08333333333333333,8,0.020833333333333332,2,0.09375,9,0.0,0
"Czarnobaj, Leszek",KO,945,2.038095238095238,0.41164021164021164,1.6264550264550264,1104.0,0.06666666666666667,63,0.06984126984126984,66,0.05291005291005291,50,0.15132275132275133,143,0.07089947089947089,67,0.5650793650793651,534,0.18941798941798943,179,0.1164021164021164,110,0.3322751322751323,314,0.09523809523809523,90,0.11216931216931217,106,0.19153439153439153,181,0.02433862433862434,23
"Czartoryski, Arkadiusz",PiS,128,2.171875,0.7421875,1.4296875,2211.5,0.0703125,9,0.1328125,17,0.078125,10,0.390625,50,0.0703125,9,0.5234375,67,0.0625,8,0.1640625,21,0.1953125,25,0.0859375,11,0.0234375,3,0.2421875,31,0.1328125,17
"Czech, Anna",PiS,53,0.4339622641509434,0.24528301886792453,0.18867924528301888,1424.0,0.0,0,0.03773584905660377,2,0.0,0,0.20754716981132076,11,0.0,0,0.03773584905660377,2,0.0,0,0.018867924528301886,1,0.018867924528301886,1,0.0,0,0.0,0,0.018867924528301886,1,0.09433962264150944,5
"Czernow, Zofia",KO,584,2.1267123287671232,0.5907534246575342,1.5359589041095891,868.5,0.07705479452054795,45,0.3356164383561644,196,0.003424657534246575,2,0.1506849315068493,88,0.023972602739726026,14,0.6472602739726028,378,0.011986301369863013,7,0.1660958904109589,97,0.3613013698630137,211,0.010273972602739725,6,0.03767123287671233,22,0.273972602739726,160,0.0273972602739726,16
"Czerwiński, Andrzej",KO,60,3.066666666666667,0.8666666666666667,2.2,946.0,0.08333333333333333,5,0.2833333333333333,17,0.016666666666666666,1,0.4666666666666667,28,0.016666666666666666,1,0.9,54,0.05,3,0.18333333333333332,11,0.5166666666666667,31,0.06666666666666667,4,0.06666666666666667,4,0.4166666666666667,25,0.0,0
"Czerwiński, Jerzy",PiS,1568,1.3954081632653061,0.336734693877551,1.058673469387755,945.0,0.029974489795918366,47,0.10522959183673469,165,0.03316326530612245,52,0.11415816326530612,179,0.054209183673469385,85,0.4419642857142857,693,0.08099489795918367,127,0.06951530612244898,109,0.26785714285714285,420,0.025510204081632654,40,0.05803571428571429,91,0.10140306122448979,159,0.013392857142857142,21
"Czudowska, Dorota",PiS,128,1.859375,0.6796875,1.1796875,1401.0,0.03125,4,0.1015625,13,0.03125,4,0.421875,54,0.09375,12,0.4453125,57,0.09375,12,0.078125,10,0.109375,14,0.078125,10,0.0234375,3,0.21875,28,0.1328125,17
"Dobkowski, Wiesław",PiS,123,0.5203252032520326,0.14634146341463414,0.37398373983739835,1082.0,0.0,0,0.032520325203252036,4,0.024390243902439025,3,0.07317073170731707,9,0.016260162601626018,2,0.16260162601626016,20,0.032520325203252036,4,0.008130081300813009,1,0.08943089430894309,11,0.0,0,0.008130081300813009,1,0.056910569105691054,7,0.016260162601626018,2
"Dolata, Zbigniew",PiS,115,2.5652173913043477,0.782608695652174,1.7826086956521738,1443.0,0.11304347826086956,13,0.043478260869565216,5,0.09565217391304348,11,0.4434782608695652,51,0.08695652173913043,10,0.6434782608695652,74,0.24347826086956523,28,0.17391304347826086,20,0.26956521739130435,31,0.12173913043478261,14,0.06086956521739131,7,0.22608695652173913,26,0.043478260869565216,5
"Dolniak, Barbara",KO,220,2.6636363636363636,0.5409090909090909,2.1227272727272726,1040.0,0.19545454545454546,43,0.15,33,0.02727272727272727,6,0.12727272727272726,28,0.04090909090909091,9,0.8136363636363636,179,0.07272727272727272,16,0.30454545454545456,67,0.5590909090909091,123,0.01818181818181818,4,0.13636363636363635,30,0.2,44,0.01818181818181818,4
"Dowhan, Robert",KO,323,2.1393188854489162,0.47987616099071206,1.6594427244582044,897.0,0.11145510835913312,36,0.11145510835913312,36,0.02476780185758514,8,0.19814241486068113,64,0.034055727554179564,11,0.6068111455108359,196,0.1238390092879257,40,0.10526315789473684,34,0.26625386996904027,86,0.06501547987616099,21,0.11455108359133127,37,0.33126934984520123,107,0.04643962848297214,15
"Drozd, Ewa",KO,66,2.9545454545454546,0.7575757575757576,2.196969696969697,1101.5,0.16666666666666666,11,0.21212121212121213,14,0.07575757575757576,5,0.25757575757575757,17,0.045454545454545456,3,0.8333333333333334,55,0.030303030303030304,2,0.22727272727272727,15,0.5303030303030303,35,0.15151515151515152,10,0.045454545454545456,3,0.36363636363636365,24,0.015151515151515152,1
"Duda, Antoni",PiS,131,2.015267175572519,0.7557251908396947,1.2595419847328244,1109.0,0.04580152671755725,6,0.030534351145038167,4,0.0916030534351145,12,0.48091603053435117,63,0.10687022900763359,14,0.5801526717557252,76,0.08396946564885496,11,0.11450381679389313,15,0.16793893129770993,22,0.03816793893129771,5,0.007633587786259542,1,0.17557251908396945,23,0.0916030534351145,12
"Duda, Jan",PiS,68,1.2205882352941178,0.38235294117647056,0.8382352941176471,1234.0,0.014705882352941176,1,0.058823529411764705,4,0.014705882352941176,1,0.2647058823529412,18,0.029411764705882353,2,0.36764705882352944,25,0.04411764705882353,3,0.029411764705882353,2,0.11764705882352941,8,0.0,0,0.014705882352941176,1,0.1323529411764706,9,0.1323529411764706,9
"Dunin, Artur",KO,163,2.521472392638037,0.754601226993865,1.7668711656441718,919.0,0.25153374233128833,41,0.15337423312883436,25,0.09202453987730061,15,0.22699386503067484,37,0.03067484662576687,5,0.6809815950920245,111,0.1411042944785276,23,0.19631901840490798,32,0.44785276073619634,73,0.03680981595092025,6,0.018404907975460124,3,0.2147239263803681,35,0.03067484662576687,5
"Dyduch, Marek",Lewica,99,2.3737373737373737,0.696969696969697,1.6767676767676767,905.0,0.050505050505050504,5,0.2727272727272727,27,0.020202020202020204,2,0.31313131313131315,31,0.04040404040404041,4,0.7373737373737373,73,0.030303030303030304,3,0.16161616161616163,16,0.23232323232323232,23,0.050505050505050504,5,0.06060606060606061,6,0.35353535353535354,35,0.050505050505050504,5
"Dziambor, Artur",Konfederacja,154,3.8506493506493507,1.1688311688311688,2.6818181818181817,1285.5,0.34415584415584416,53,0.2012987012987013,31,0.14285714285714285,22,0.38311688311688313,59,0.09740259740259741,15,0.922077922077922,142,0.13636363636363635,21,0.23376623376623376,36,0.7012987012987013,108,0.08441558441558442,13,0.14285714285714285,22,0.461038961038961,71,0.0,0
"Dziemianowicz-Bąk, Agnieszka",Lewica,67,3.8358208955223883,1.3582089552238805,2.4776119402985075,1238.0,0.23880597014925373,16,0.47761194029850745,32,0.11940298507462686,8,0.3582089552238806,24,0.16417910447761194,11,0.9104477611940298,61,0.0,0,0.31343283582089554,21,0.6119402985074627,41,0.029850746268656716,2,0.04477611940298507,3,0.5074626865671642,34,0.05970149253731343,4
"Dziuba, Tadeusz",PiS,93,1.2903225806451613,0.3010752688172043,0.989247311827957,924.0,0.053763440860215055,5,0.021505376344086023,2,0.021505376344086023,2,0.1935483870967742,18,0.010752688172043012,1,0.40860215053763443,38,0.08602150537634409,8,0.0967741935483871,9,0.20430107526881722,19,0.021505376344086023,2,0.021505376344086023,2,0.12903225806451613,12,0.021505376344086023,2
"Dziuk, Barbara",PiS,225,2.2844444444444445,0.92,1.3644444444444443,1272.0,0.02666666666666667,6,0.13333333333333333,30,0.04888888888888889,11,0.5644444444444444,127,0.14666666666666667,33,0.5466666666666666,123,0.04,9,0.1511111111111111,34,0.2088888888888889,47,0.044444444444444446,10,0.0,0,0.2222222222222222,50,0.1511111111111111,34
"Dąbrowska-Banaszek, Anna",PiS,80,1.2,0.65,0.55,1226.5,0.0,0,0.0875,7,0.0,0,0.425,34,0.1375,11,0.25,20,0.0,0,0.0125,1,0.0,0,0.0,0,0.0125,1,0.025,2,0.25,20
"Długi, Grzegorz",Kukiz15,175,2.9828571428571427,0.8228571428571428,2.16,1026.0,0.08571428571428572,15,0.2342857142857143,41,0.05142857142857143,9,0.3657142857142857,64,0.08571428571428572,15,0.8628571428571429,151,0.09142857142857143,16,0.24,42,0.38285714285714284,67,0.03428571428571429,6,0.13142857142857142,23,0.32571428571428573,57,0.09142857142857143,16
"Fabisiak, Joanna",KO,227,2.0616740088105727,0.6475770925110133,1.4140969162995596,1101.0,0.00881057268722467,2,0.2422907488986784,55,0.00881057268722467,2,0.3436123348017621,78,0.04405286343612335,10,0.6255506607929515,142,0.022026431718061675,5,0.12334801762114538,28,0.14537444933920704,33,0.00881057268722467,2,0.022026431718061675,5,0.3876651982378855,88,0.07929515418502203,18
"Falej, Monika",Lewica,136,2.8161764705882355,0.9264705882352942,1.8897058823529411,1149.5,0.15441176470588236,21,0.41911764705882354,57,0.051470588235294115,7,0.20588235294117646,28,0.09558823529411764,13,0.7205882352941176,98,0.029411764705882353,4,0.20588235294117646,28,0.45588235294117646,62,0.014705882352941176,2,0.058823529411764705,8,0.33088235294117646,45,0.07352941176470588,10
"Fedorowicz, Jerzy",KO,342,2.2982456140350878,0.6988304093567251,1.5994152046783625,1002.0,0.09941520467836257,34,0.13157894736842105,45,0.043859649122807015,15,0.3538011695906433,121,0.07017543859649122,24,0.6549707602339181,224,0.13742690058479531,47,0.21637426900584794,74,0.26608187134502925,91,0.023391812865497075,8,0.023391812865497075,8,0.195906432748538,67,0.08187134502923976,28
"Florek, Piotr",KO,821,1.4068209500609012,0.27649208282582216,1.130328867235079,1353.0,0.028014616321559074,23,0.10962241169305725,90,0.007308160779537149,6,0.11084043848964677,91,0.020706455542021926,17,0.4482338611449452,368,0.06211936662606577,51,0.09013398294762484,74,0.24116930572472595,198,0.03288672350791717,27,0.058465286236297195,48,0.17904993909866018,147,0.018270401948842874,15
"Frankiewicz, Zygmunt",KO,78,0.9743589743589743,0.3076923076923077,0.6666666666666666,1349.5,0.02564102564102564,2,0.11538461538461539,9,0.0,0,0.14102564102564102,11,0.02564102564102564,2,0.28205128205128205,22,0.01282051282051282,1,0.05128205128205128,4,0.08974358974358974,7,0.01282051282051282,1,0.01282051282051282,1,0.16666666666666666,13,0.038461538461538464,3
"Frydrych, Joanna",KO,115,2.7217391304347824,0.7130434782608696,2.008695652173913,1298.0,0.08695652173913043,10,0.40869565217391307,47,0.008695652173913044,1,0.14782608695652175,17,0.06086956521739131,7,0.7565217391304347,87,0.06086956521739131,7,0.05217391304347826,6,0.5652173913043478,65,0.043478260869565216,5,0.09565217391304348,11,0.3565217391304348,41,0.0782608695652174,9
"Frysztak, Konrad",KO,80,3.525,0.9625,2.5625,1106.5,0.475,38,0.2375,19,0.05,4,0.175,14,0.025,2,0.8875,71,0.1125,9,0.3,24,0.6625,53,0.05,4,0.0375,3,0.5125,41,0.0,0
"Furgo, Grzegorz",KO,225,3.2977777777777777,1.0444444444444445,2.2533333333333334,1031.0,0.26222222222222225,59,0.32,72,0.1288888888888889,29,0.2311111111111111,52,0.10222222222222223,23,0.84,189,0.10222222222222223,23,0.3511111111111111,79,0.5377777777777778,121,0.03111111111111111,7,0.08444444444444445,19,0.27555555555555555,62,0.03111111111111111,7
"Gadowski, Krzysztof",KO,339,2.84070796460177,0.6784660766961652,2.162241887905605,1107.0,0.20058997050147492,68,0.20943952802359883,71,0.02064896755162242,7,0.2359882005899705,80,0.011799410029498525,4,0.831858407079646,282,0.05014749262536873,17,0.27728613569321536,94,0.4808259587020649,163,0.032448377581120944,11,0.02359882005899705,8,0.4218289085545723,143,0.04424778761061947,15
"Gajewska, Aleksandra",KO,56,3.857142857142857,1.1071428571428572,2.75,1191.5,0.35714285714285715,20,0.35714285714285715,20,0.08928571428571429,5,0.23214285714285715,13,0.07142857142857142,4,0.9107142857142857,51,0.08928571428571429,5,0.42857142857142855,24,0.6785714285714286,38,0.08928571428571429,5,0.08928571428571429,5,0.4107142857142857,23,0.05357142857142857,3
"Gajewska, Kinga",KO,61,3.180327868852459,0.9508196721311475,2.2295081967213113,1001.0,0.18032786885245902,11,0.39344262295081966,24,0.04918032786885246,3,0.29508196721311475,18,0.03278688524590164,2,0.8032786885245902,49,0.04918032786885246,3,0.32786885245901637,20,0.4918032786885246,30,0.06557377049180328,4,0.06557377049180328,4,0.4262295081967213,26,0.0,0
"Gapińska, Elżbieta",KO,105,3.5238095238095237,1.019047619047619,2.5047619047619047,1106.0,0.38095238095238093,40,0.23809523809523808,25,0.05714285714285714,6,0.23809523809523808,25,0.10476190476190476,11,0.9047619047619048,95,0.06666666666666667,7,0.3238095238095238,34,0.6666666666666666,70,0.06666666666666667,7,0.06666666666666667,7,0.3904761904761905,41,0.01904761904761905,2
"Gasiuk-Pihowicz, Kamila",KO,282,4.358156028368795,1.6382978723404256,2.719858156028369,1252.5,0.32269503546099293,91,0.6099290780141844,172,0.26595744680851063,75,0.17375886524822695,49,0.26595744680851063,75,0.9609929078014184,271,0.10638297872340426,30,0.39361702127659576,111,0.8617021276595744,243,0.03546099290780142,10,0.1099290780141844,31,0.22340425531914893,63,0.028368794326241134,8
"Gaweł, Robert",PiS,98,1.683673469387755,0.5306122448979592,1.153061224489796,1535.5,0.0,0,0.04081632653061224,4,0.05102040816326531,5,0.30612244897959184,30,0.1326530612244898,13,0.42857142857142855,42,0.030612244897959183,3,0.1326530612244898,13,0.19387755102040816,19,0.04081632653061224,4,0.01020408163265306,1,0.21428571428571427,21,0.10204081632653061,10
"Gawkowski, Krzysztof",Lewica,194,3.268041237113402,1.1958762886597938,2.0721649484536084,961.0,0.26804123711340205,52,0.3247422680412371,63,0.10309278350515463,20,0.3865979381443299,75,0.1134020618556701,22,0.7938144329896907,154,0.07731958762886598,15,0.27319587628865977,53,0.4329896907216495,84,0.04639175257731959,9,0.030927835051546393,6,0.31958762886597936,62,0.0979381443298969,19
"Gawlik, Zdzisław",KO,103,2.3689320388349513,0.4854368932038835,1.883495145631068,1306.0,0.10679611650485436,11,0.17475728155339806,18,0.02912621359223301,3,0.1553398058252427,16,0.019417475728155338,2,0.6893203883495146,71,0.0970873786407767,10,0.1262135922330097,13,0.49514563106796117,51,0.04854368932038835,5,0.14563106796116504,15,0.2621359223300971,27,0.019417475728155338,2
"Gawron, Andrzej",PiS,174,1.1091954022988506,0.4425287356321839,0.6666666666666666,1018.5,0.028735632183908046,5,0.06321839080459771,11,0.011494252873563218,2,0.3218390804597701,56,0.017241379310344827,3,0.3103448275862069,54,0.011494252873563218,2,0.04597701149425287,8,0.06896551724137931,12,0.022988505747126436,4,0.011494252873563218,2,0.09195402298850575,16,0.10344827586206896,18
"Gawęda, Adam",PiS,227,1.066079295154185,0.32599118942731276,0.7400881057268722,1238.0,0.00881057268722467,2,0.05286343612334802,12,0.013215859030837005,3,0.22466960352422907,51,0.02643171806167401,6,0.31277533039647576,71,0.07929515418502203,18,0.06167400881057269,14,0.10572687224669604,24,0.03524229074889868,8,0.0,0,0.09691629955947137,22,0.048458149779735685,11
"Gelert, Elżbieta",KO,65,1.5538461538461539,0.23076923076923078,1.323076923076923,1175.0,0.03076923076923077,2,0.09230769230769231,6,0.0,0,0.1076923076923077,7,0.0,0,0.5692307692307692,37,0.046153846153846156,3,0.07692307692307693,5,0.3384615384615385,22,0.046153846153846156,3,0.06153846153846154,4,0.13846153846153847,9,0.046153846153846156,3
"Gembicka, Anna",PiS,59,1.1016949152542372,0.3559322033898305,0.7457627118644068,1662.0,0.0,0,0.0,0,0.0,0,0.3559322033898305,21,0.0,0,0.288135593220339,17,0.05084745762711865,3,0.05084745762711865,3,0.03389830508474576,2,0.01694915254237288,1,0.0,0,0.13559322033898305,8,0.1694915254237288,10
"Giżyński, Szymon",PiS,132,2.659090909090909,1.0,1.6590909090909092,1458.5,0.09848484848484848,13,0.022727272727272728,3,0.3409090909090909,45,0.4696969696969697,62,0.06818181818181818,9,0.7272727272727273,96,0.25,33,0.12878787878787878,17,0.23484848484848486,31,0.007575757575757576,1,0.06818181818181818,9,0.14393939393939395,19,0.09848484848484848,13
"Gliński, Piotr",PiS,51,4.0588235294117645,1.3529411764705883,2.7058823529411766,3058.0,0.3137254901960784,16,0.0196078431372549,1,0.13725490196078433,7,0.7058823529411765,36,0.17647058823529413,9,0.8823529411764706,45,0.3137254901960784,16,0.5098039215686274,26,0.5098039215686274,26,0.17647058823529413,9,0.0784313725490196,4,0.1568627450980392,8,0.0784313725490196,4
"Gogacz, Stanisław",PiS,193,0.6580310880829016,0.21761658031088082,0.44041450777202074,1181.0,0.0051813471502590676,1,0.025906735751295335,5,0.0,0,0.12953367875647667,25,0.05699481865284974,11,0.18134715025906736,35,0.031088082901554404,6,0.04145077720207254,8,0.046632124352331605,9,0.015544041450777202,3,0.0051813471502590676,1,0.06217616580310881,12,0.05699481865284974,11
"Golbik, Marta",KO,156,2.7051282051282053,0.6217948717948718,2.0833333333333335,1139.5,0.14743589743589744,23,0.23717948717948717,37,0.04487179487179487,7,0.16666666666666666,26,0.02564102564102564,4,0.8012820512820513,125,0.07051282051282051,11,0.25,39,0.4935897435897436,77,0.038461538461538464,6,0.0641025641025641,10,0.3141025641025641,49,0.05128205128205128,8
"Golińska, Małgorzata",PiS,149,1.476510067114094,0.44966442953020136,1.0268456375838926,1542.0,0.020134228187919462,3,0.0738255033557047,11,0.013422818791946308,2,0.3087248322147651,46,0.03355704697986577,5,0.436241610738255,65,0.040268456375838924,6,0.087248322147651,13,0.16778523489932887,25,0.0738255033557047,11,0.020134228187919462,3,0.15436241610738255,23,0.04697986577181208,7
"Gonciarz, Jarosław",PiS,290,0.4,0.16551724137931034,0.23448275862068965,676.0,0.0,0,0.041379310344827586,12,0.0,0,0.11379310344827587,33,0.010344827586206896,3,0.10689655172413794,31,0.0034482758620689655,1,0.010344827586206896,3,0.010344827586206896,3,0.010344827586206896,3,0.0,0,0.034482758620689655,10,0.05862068965517241,17
"Gorgoń-Komor, Agnieszka",KO,108,1.5648148148148149,0.5092592592592593,1.0555555555555556,1333.0,0.05555555555555555,6,0.19444444444444445,21,0.009259259259259259,1,0.19444444444444445,21,0.05555555555555555,6,0.4166666666666667,45,0.009259259259259259,1,0.1388888888888889,15,0.21296296296296297,23,0.009259259259259259,1,0.0,0,0.19444444444444445,21,0.07407407407407407,8
"Gosek-Popiołek, Daria",Lewica,87,3.160919540229885,0.9195402298850575,2.2413793103448274,1085.0,0.09195402298850575,8,0.5057471264367817,44,0.05747126436781609,5,0.20689655172413793,18,0.05747126436781609,5,0.8275862068965517,72,0.09195402298850575,8,0.2413793103448276,21,0.39080459770114945,34,0.011494252873563218,1,0.08045977011494253,7,0.5172413793103449,45,0.08045977011494253,7
"Gosiewski, Jerzy",PiS,177,1.5932203389830508,0.5649717514124294,1.0282485875706215,1100.0,0.01694915254237288,3,0.0903954802259887,16,0.0,0,0.4011299435028249,71,0.05649717514124294,10,0.4632768361581921,82,0.02824858757062147,5,0.07909604519774012,14,0.1864406779661017,33,0.005649717514124294,1,0.01694915254237288,3,0.1638418079096045,29,0.0847457627118644,15
"Grabarczyk, Cezary",KO,259,3.0965250965250966,1.0,2.0965250965250966,909.0,0.20077220077220076,52,0.29343629343629346,76,0.04247104247104247,11,0.40540540540540543,105,0.05791505791505792,15,0.8416988416988417,218,0.06563706563706563,17,0.24324324324324326,63,0.4980694980694981,129,0.02702702702702703,7,0.03088803088803089,8,0.33976833976833976,88,0.05019305019305019,13
"Grabczuk, Krzysztof",KO,146,2.828767123287671,0.9383561643835616,1.8904109589041096,961.0,0.13013698630136986,19,0.2465753424657534,36,0.00684931506849315,1,0.5136986301369864,75,0.0410958904109589,6,0.7328767123287672,107,0.02054794520547945,3,0.18493150684931506,27,0.3082191780821918,45,0.0136986301369863,2,0.0136986301369863,2,0.3904109589041096,57,0.22602739726027396,33
"Grabowski, Arkadiusz",PiS,337,0.5400593471810089,0.11572700296735905,0.42433234421364985,986.0,0.011869436201780416,4,0.02967359050445104,10,0.011869436201780416,4,0.05637982195845697,19,0.005934718100890208,2,0.18100890207715134,61,0.04451038575667656,15,0.03857566765578635,13,0.08011869436201781,27,0.008902077151335312,3,0.005934718100890208,2,0.06231454005934718,21,0.002967359050445104,1
"Grabowski, Paweł",Kukiz15,364,2.6016483516483517,0.7637362637362637,1.8379120879120878,1056.0,0.11263736263736264,41,0.19505494505494506,71,0.07142857142857142,26,0.3516483516483517,128,0.03296703296703297,12,0.717032967032967,261,0.06318681318681318,23,0.17307692307692307,63,0.30494505494505497,111,0.02197802197802198,8,0.09340659340659341,34,0.3543956043956044,129,0.10989010989010989,40
"Gramatyka, Michał",KO,193,3.233160621761658,0.9740932642487047,2.2590673575129534,1127.0,0.21761658031088082,42,0.2694300518134715,52,0.07253886010362694,14,0.32642487046632124,63,0.08808290155440414,17,0.8134715025906736,157,0.05699481865284974,11,0.23834196891191708,46,0.5906735751295337,114,0.025906735751295335,5,0.06735751295336788,13,0.39896373056994816,77,0.06735751295336788,13
"Grodzki, Tomasz",KO,1365,0.6608058608058608,0.18534798534798536,0.47545787545787543,1130.0,0.03736263736263736,51,0.035897435897435895,49,0.010256410256410256,14,0.08278388278388278,113,0.01904761904761905,26,0.18827838827838828,257,0.04468864468864469,61,0.041758241758241756,57,0.07252747252747253,99,0.006593406593406593,9,0.02490842490842491,34,0.06593406593406594,90,0.03076923076923077,42
"Grupiński, Rafał",KO,94,4.0,1.4787234042553192,2.521276595744681,1187.0,0.3829787234042553,36,0.23404255319148937,22,0.2872340425531915,27,0.32978723404255317,31,0.24468085106382978,23,0.9148936170212766,86,0.23404255319148937,22,0.2127659574468085,20,0.6382978723404256,60,0.0425531914893617,4,0.1595744680851064,15,0.26595744680851063,25,0.05319148936170213,5
"Gryglas, Zbigniew",PiS,229,2.0480349344978164,0.6157205240174672,1.4323144104803494,998.0,0.017467248908296942,4,0.1703056768558952,39,0.004366812227074236,1,0.3624454148471616,83,0.0611353711790393,14,0.6681222707423581,153,0.021834061135371178,5,0.15283842794759825,35,0.24017467248908297,55,0.0,0,0.034934497816593885,8,0.23580786026200873,54,0.07860262008733625,18
"Gądek, Lidia",KO,170,3.041176470588235,0.8529411764705882,2.1882352941176473,1110.5,0.19411764705882353,33,0.2411764705882353,41,0.058823529411764705,10,0.31176470588235294,53,0.047058823529411764,8,0.8294117647058824,141,0.047058823529411764,8,0.3176470588235294,54,0.5117647058823529,87,0.03529411764705882,6,0.052941176470588235,9,0.35294117647058826,60,0.041176470588235294,7
"Hamerski, Jan",PiS,55,0.5818181818181818,0.2909090909090909,0.2909090909090909,772.0,0.0,0,0.03636363636363636,2,0.01818181818181818,1,0.2,11,0.03636363636363636,2,0.10909090909090909,6,0.01818181818181818,1,0.0,0,0.0,0,0.01818181818181818,1,0.0,0,0.07272727272727272,4,0.07272727272727272,4
"Hanajczyk, Agnieszka",KO,100,2.79,0.77,2.02,1125.5,0.14,14,0.22,22,0.1,10,0.29,29,0.02,2,0.76,76,0.1,10,0.2,20,0.4,40,0.02,2,0.06,6,0.38,38,0.1,10
"Hałas, Teresa",PiS,52,2.0384615384615383,0.9807692307692307,1.0576923076923077,2799.0,0.019230769230769232,1,0.17307692307692307,9,0.019230769230769232,1,0.5769230769230769,30,0.19230769230769232,10,0.46153846153846156,24,0.0,0,0.09615384615384616,5,0.09615384615384616,5,0.019230769230769232,1,0.0,0,0.19230769230769232,10,0.19230769230769232,10
"Hennig-Kloska, Paulina",KO,723,3.6099585062240664,1.0594744121715076,2.5504840940525586,1106.0,0.3623789764868603,262,0.3706777316735823,268,0.058091286307053944,42,0.20885200553250347,151,0.059474412171507604,43,0.9405255878284924,680,0.06915629322268327,50,0.2959889349930844,214,0.7136929460580913,516,0.0318118948824343,23,0.040110650069156296,29,0.44951590594744123,325,0.009681881051175657,7
"Hibner, Jolanta",KO,85,2.541176470588235,0.6235294117647059,1.9176470588235295,1109.0,0.16470588235294117,14,0.24705882352941178,21,0.047058823529411764,4,0.12941176470588237,11,0.03529411764705882,3,0.7529411764705882,64,0.11764705882352941,10,0.1411764705882353,12,0.5411764705882353,46,0.0,0,0.09411764705882353,8,0.27058823529411763,23,0.0,0
"Hok, Marek",KO,88,2.647727272727273,0.8181818181818182,1.8295454545454546,1247.5,0.1590909090909091,14,0.3181818181818182,28,0.056818181818181816,5,0.26136363636363635,23,0.022727272727272728,2,0.7613636363636364,67,0.03409090909090909,3,0.18181818181818182,16,0.32954545454545453,29,0.0,0,0.045454545454545456,4,0.4431818181818182,39,0.03409090909090909,3
"Horała, Marcin",PiS,99,3.4545454545454546,1.0404040404040404,2.414141414141414,1874.0,0.1111111111111111,11,0.06060606060606061,6,0.16161616161616163,16,0.5555555555555556,55,0.15151515151515152,15,0.7777777777777778,77,0.24242424242424243,24,0.30303030303030304,30,0.5151515151515151,51,0.16161616161616163,16,0.1414141414141414,14,0.20202020202020202,20,0.0707070707070707,7
"Hreniak, Paweł",PiS,50,1.62,0.66,0.96,948.5,0.0,0,0.06,3,0.0,0,0.58,29,0.02,1,0.46,23,0.06,3,0.04,2,0.14,7,0.02,1,0.02,1,0.08,4,0.14,7
"Hrynkiewicz, Józefa",PiS,83,1.9036144578313252,0.6265060240963856,1.2771084337349397,956.0,0.060240963855421686,5,0.10843373493975904,9,0.012048192771084338,1,0.39759036144578314,33,0.04819277108433735,4,0.5301204819277109,44,0.04819277108433735,4,0.12048192771084337,10,0.18072289156626506,15,0.012048192771084338,1,0.024096385542168676,2,0.21686746987951808,18,0.14457831325301204,12
"Jach, Michał",PiS,63,2.634920634920635,1.0476190476190477,1.5873015873015872,1122.0,0.06349206349206349,4,0.2222222222222222,14,0.07936507936507936,5,0.5714285714285714,36,0.1111111111111111,7,0.6984126984126984,44,0.031746031746031744,2,0.1746031746031746,11,0.3333333333333333,21,0.07936507936507936,5,0.0,0,0.1746031746031746,11,0.09523809523809523,6
"Jachira, Klaudia",KO,162,4.567901234567901,1.7345679012345678,2.8333333333333335,1125.0,0.49382716049382713,80,0.4382716049382716,71,0.3395061728395062,55,0.2716049382716049,44,0.19135802469135801,31,0.9814814814814815,159,0.1111111111111111,18,0.2654320987654321,43,0.7716049382716049,125,0.024691358024691357,4,0.11728395061728394,19,0.5,81,0.06172839506172839,10
"Jachnik, Jerzy",PrzywrócićPrawo,171,3.257309941520468,0.8070175438596491,2.4502923976608186,1172.0,0.24561403508771928,42,0.19883040935672514,34,0.0935672514619883,16,0.1871345029239766,32,0.08187134502923976,14,0.8713450292397661,149,0.12280701754385964,21,0.25146198830409355,43,0.5847953216374269,100,0.07602339181286549,13,0.0935672514619883,16,0.4152046783625731,71,0.03508771929824561,6
"Jackowski, Jan Maria",PiS,1189,1.1000841042893188,0.3540790580319596,0.7460050462573591,917.0,0.015138772077375946,18,0.0815811606391926,97,0.01345668629100084,16,0.1740958788898234,207,0.06980656013456686,83,0.3162321278385198,376,0.040370058873002525,48,0.0479394449116905,57,0.12026913372582002,143,0.031959629941127,38,0.018502943650126155,22,0.11438183347350715,136,0.056349873843566024,67
"Janczyk, Wiesław",PiS,178,1.5393258426966292,0.5842696629213483,0.9550561797752809,2160.0,0.011235955056179775,2,0.011235955056179775,2,0.02247191011235955,4,0.4887640449438202,87,0.05056179775280899,9,0.3539325842696629,63,0.0449438202247191,8,0.0898876404494382,16,0.0898876404494382,16,0.06179775280898876,11,0.0,0,0.1853932584269663,33,0.12921348314606743,23
"Jaros, Michał",KO,124,2.1048387096774195,0.5725806451612904,1.532258064516129,1741.0,0.1532258064516129,19,0.1693548387096774,21,0.016129032258064516,2,0.20161290322580644,25,0.03225806451612903,4,0.5564516129032258,69,0.07258064516129033,9,0.0967741935483871,12,0.3951612903225806,49,0.04032258064516129,5,0.04838709677419355,6,0.2661290322580645,33,0.056451612903225805,7
"Jarubas, Krystian",KP-PSL,288,2.4756944444444446,0.7395833333333334,1.7361111111111112,2234.0,0.14583333333333334,42,0.19444444444444445,56,0.059027777777777776,17,0.2847222222222222,82,0.05555555555555555,16,0.6111111111111112,176,0.0763888888888889,22,0.13194444444444445,38,0.4236111111111111,122,0.12152777777777778,35,0.041666666666666664,12,0.22916666666666666,66,0.10069444444444445,29
"Jaskóła, Tomasz",UPR,135,3.6,1.1037037037037036,2.4962962962962965,1277.0,0.24444444444444444,33,0.14074074074074075,19,0.18518518518518517,25,0.42962962962962964,58,0.1037037037037037,14,0.9037037037037037,122,0.26666666666666666,36,0.1925925925925926,26,0.45925925925925926,62,0.1037037037037037,14,0.1111111111111111,15,0.4222222222222222,57,0.037037037037037035,5
"Jazłowiecka, Danuta",KO,156,1.6730769230769231,0.4423076923076923,1.2307692307692308,939.5,0.12179487179487179,19,0.14102564102564102,22,0.019230769230769232,3,0.14102564102564102,22,0.019230769230769232,3,0.5192307692307693,81,0.05128205128205128,8,0.1346153846153846,21,0.33974358974358976,53,0.03205128205128205,5,0.02564102564102564,4,0.10897435897435898,17,0.019230769230769232,3
"Joński, Dariusz",KO,86,3.941860465116279,1.197674418604651,2.744186046511628,1119.5,0.4186046511627907,36,0.38372093023255816,33,0.13953488372093023,12,0.1744186046511628,15,0.08139534883720931,7,0.9302325581395349,80,0.08139534883720931,7,0.32558139534883723,28,0.7790697674418605,67,0.03488372093023256,3,0.046511627906976744,4,0.5348837209302325,46,0.011627906976744186,1
"Józwiak, Bartosz",UPR,146,2.636986301369863,0.7602739726027398,1.8767123287671232,2285.0,0.0958904109589041,14,0.2054794520547945,30,0.0410958904109589,6,0.3356164383561644,49,0.0821917808219178,12,0.678082191780822,99,0.10273972602739725,15,0.22602739726027396,33,0.3493150684931507,51,0.0410958904109589,6,0.11643835616438356,17,0.273972602739726,40,0.08904109589041095,13
"Kaczmarczyk, Norbert",PiS,224,2.4151785714285716,0.8348214285714286,1.5803571428571428,1081.5,0.05357142857142857,12,0.20535714285714285,46,0.026785714285714284,6,0.4732142857142857,106,0.07589285714285714,17,0.6116071428571429,137,0.04017857142857143,9,0.14732142857142858,33,0.21875,49,0.049107142857142856,11,0.026785714285714284,6,0.29017857142857145,65,0.19642857142857142,44
"Kaleta, Piotr",PiS,182,3.6373626373626373,1.445054945054945,2.1923076923076925,1166.5,0.4340659340659341,79,0.09340659340659341,17,0.3791208791208791,69,0.3956043956043956,72,0.14285714285714285,26,0.8351648351648352,152,0.4340659340659341,79,0.24175824175824176,44,0.33516483516483514,61,0.1043956043956044,19,0.03296703296703297,6,0.11538461538461539,21,0.09340659340659341,17
"Kaleta, Sebastian",PiS,91,1.945054945054945,0.6483516483516484,1.2967032967032968,1771.0,0.03296703296703297,3,0.0989010989010989,9,0.08791208791208792,8,0.2967032967032967,27,0.13186813186813187,12,0.43956043956043955,40,0.08791208791208792,8,0.14285714285714285,13,0.26373626373626374,24,0.08791208791208792,8,0.06593406593406594,6,0.12087912087912088,11,0.08791208791208792,8
"Kamińska, Bożena",KO,145,2.668965517241379,0.7172413793103448,1.9517241379310344,1115.0,0.1310344827586207,19,0.33793103448275863,49,0.027586206896551724,4,0.19310344827586207,28,0.027586206896551724,4,0.7931034482758621,115,0.027586206896551724,4,0.2620689655172414,38,0.4689655172413793,68,0.020689655172413793,3,0.027586206896551724,4,0.296551724137931,43,0.05517241379310345,8
"Kamiński, Andrzej",PiS,58,0.3275862068965517,0.13793103448275862,0.1896551724137931,818.5,0.017241379310344827,1,0.017241379310344827,1,0.017241379310344827,1,0.034482758620689655,2,0.05172413793103448,3,0.08620689655172414,5,0.034482758620689655,2,0.0,0,0.017241379310344827,1,0.0,0,0.0,0,0.0,0,0.05172413793103448,3
"Kamiński, Krystian",Konfederacja,97,3.3402061855670104,1.0618556701030928,2.2783505154639174,2169.0,0.12371134020618557,12,0.4329896907216495,42,0.05154639175257732,5,0.32989690721649484,32,0.12371134020618557,12,0.8350515463917526,81,0.09278350515463918,9,0.21649484536082475,21,0.6391752577319587,62,0.061855670103092786,6,0.061855670103092786,6,0.31958762886597936,31,0.05154639175257732,5
"Kamiński, Michał",KP-PSL,189,3.941798941798942,1.5714285714285714,2.3703703703703702,1753.0,0.2275132275132275,43,0.2962962962962963,56,0.2222222222222222,42,0.47619047619047616,90,0.3492063492063492,66,0.8518518518518519,161,0.15343915343915343,29,0.2275132275132275,43,0.6137566137566137,116,0.08994708994708994,17,0.08465608465608465,16,0.24867724867724866,47,0.10052910052910052,19
"Karczewski, Stanisław",PiS,1751,0.41119360365505425,0.11536264991433466,0.2958309537407196,829.0,0.067390062821245,118,0.0028555111364934323,5,0.011993146773272416,21,0.026270702455739578,46,0.006853226727584237,12,0.1342090234151913,235,0.0508280982295831,89,0.06967447173043975,122,0.018846373500856654,33,0.004568817818389492,8,0.001142204454597373,2,0.0057110222729868645,10,0.010850942318675044,19
"Kasprzak, Mieczysław",KP-PSL,526,2.807984790874525,0.7870722433460076,2.0209125475285172,1293.0,0.10456273764258556,55,0.28517110266159695,150,0.009505703422053232,5,0.3365019011406844,177,0.051330798479087454,27,0.7813688212927756,411,0.060836501901140684,32,0.20342205323193915,107,0.376425855513308,198,0.060836501901140684,32,0.045627376425855515,24,0.41634980988593157,219,0.07604562737642585,40
"Kidawa-Błońska, Małgorzata",KO,56,3.3035714285714284,1.0892857142857142,2.2142857142857144,1318.5,0.19642857142857142,11,0.32142857142857145,18,0.03571428571428571,2,0.4107142857142857,23,0.125,7,0.7678571428571429,43,0.05357142857142857,3,0.39285714285714285,22,0.42857142857142855,24,0.03571428571428571,2,0.0,0,0.30357142857142855,17,0.23214285714285715,13
"Kierwiński, Marcin",KO,98,4.438775510204081,1.4591836734693877,2.979591836734694,1235.0,0.6020408163265306,59,0.32653061224489793,32,0.22448979591836735,22,0.20408163265306123,20,0.10204081632653061,10,0.9795918367346939,96,0.23469387755102042,23,0.3979591836734694,39,0.8673469387755102,85,0.12244897959183673,12,0.061224489795918366,6,0.29591836734693877,29,0.02040816326530612,2
"Kilian, Jan",PiS,95,2.389473684210526,0.968421052631579,1.4210526315789473,1333.0,0.010526315789473684,1,0.10526315789473684,10,0.042105263157894736,4,0.5368421052631579,51,0.2736842105263158,26,0.6631578947368421,63,0.021052631578947368,2,0.2,19,0.18947368421052632,18,0.042105263157894736,4,0.010526315789473684,1,0.22105263157894736,21,0.07368421052631578,7
"Kleina, Kazimierz",KO,543,1.3756906077348066,0.30755064456721914,1.0681399631675874,1329.0,0.014732965009208104,8,0.0847145488029466,46,0.011049723756906077,6,0.17495395948434622,95,0.022099447513812154,12,0.427255985267035,232,0.03314917127071823,18,0.08103130755064457,44,0.20994475138121546,114,0.0718232044198895,39,0.03130755064456722,17,0.19337016574585636,105,0.020257826887661142,11
"Klich, Bogdan",KO,514,2.5719844357976656,0.8560311284046692,1.715953307392996,1322.0,0.07198443579766536,37,0.27626459143968873,142,0.04085603112840467,21,0.27626459143968873,142,0.19066147859922178,98,0.7178988326848249,369,0.08754863813229571,45,0.25680933852140075,132,0.42023346303501946,216,0.021400778210116732,11,0.04085603112840467,21,0.122568093385214,63,0.048638132295719845,25
"Klimczak, Dariusz",KP-PSL,207,2.927536231884058,0.7294685990338164,2.1980676328502415,1153.0,0.178743961352657,37,0.1642512077294686,34,0.05314009661835749,11,0.30434782608695654,63,0.028985507246376812,6,0.7632850241545893,158,0.0821256038647343,17,0.2318840579710145,48,0.5120772946859904,106,0.05314009661835749,11,0.07729468599033816,16,0.41545893719806765,86,0.06280193236714976,13
"Kluzik-Rostkowska, Joanna",KO,59,3.7966101694915255,0.9830508474576272,2.8135593220338984,1076.0,0.423728813559322,25,0.2711864406779661,16,0.1016949152542373,6,0.1694915254237288,10,0.01694915254237288,1,0.9661016949152542,57,0.2033898305084746,12,0.3728813559322034,22,0.7288135593220338,43,0.0847457627118644,5,0.1016949152542373,6,0.3050847457627119,18,0.05084745762711865,3
"Kobyliński, Paweł",KO,128,2.484375,0.75,1.734375,934.5,0.078125,10,0.21875,28,0.0703125,9,0.328125,42,0.0546875,7,0.6328125,81,0.109375,14,0.1328125,17,0.3359375,43,0.03125,4,0.0859375,11,0.28125,36,0.125,16
"Kochan, Magdalena",KO,314,2.5445859872611467,0.7420382165605095,1.802547770700637,1361.5,0.1464968152866242,46,0.10828025477707007,34,0.025477707006369428,8,0.34394904458598724,108,0.1178343949044586,37,0.7165605095541401,225,0.11146496815286625,35,0.21656050955414013,68,0.37261146496815284,117,0.028662420382165606,9,0.01592356687898089,5,0.23885350318471338,75,0.10191082802547771,32
"Komarnicki, Władysław",KO,347,2.201729106628242,0.654178674351585,1.5475504322766571,1122.0,0.04899135446685879,17,0.2737752161383285,95,0.0345821325648415,12,0.2507204610951009,87,0.04610951008645533,16,0.6282420749279539,218,0.07204610951008646,25,0.1037463976945245,36,0.33429394812680113,116,0.037463976945244955,13,0.03170028818443804,11,0.27089337175792505,94,0.069164265129683,24
"Komorowski, Marek",PiS,106,1.490566037735849,0.44339622641509435,1.0471698113207548,1050.5,0.018867924528301886,2,0.0660377358490566,7,0.02830188679245283,3,0.24528301886792453,26,0.08490566037735849,9,0.4339622641509434,46,0.07547169811320754,8,0.10377358490566038,11,0.16981132075471697,18,0.04716981132075472,5,0.03773584905660377,4,0.11320754716981132,12,0.0660377358490566,7
"Konieczny, Maciej",Lewica,76,4.2368421052631575,1.5526315789473684,2.6842105263157894,1311.0,0.2631578947368421,20,0.5131578947368421,39,0.13157894736842105,10,0.4342105263157895,33,0.21052631578947367,16,0.9736842105263158,74,0.06578947368421052,5,0.25,19,0.6710526315789473,51,0.07894736842105263,6,0.09210526315789473,7,0.4342105263157895,33,0.11842105263157894,9
"Konieczny, Wojciech",Lewica,147,1.5578231292517006,0.4489795918367347,1.1088435374149659,1725.0,0.04081632653061224,6,0.11564625850340136,17,0.02040816326530612,3,0.17687074829931973,26,0.09523809523809523,14,0.4557823129251701,67,0.05442176870748299,8,0.061224489795918366,9,0.2857142857142857,42,0.02040816326530612,3,0.04081632653061224,6,0.1564625850340136,23,0.034013605442176874,5
"Konwiński, Zbigniew",KO,68,4.117647058823529,1.088235294117647,3.0294117647058822,1160.0,0.4264705882352941,29,0.17647058823529413,12,0.10294117647058823,7,0.23529411764705882,16,0.14705882352941177,10,0.9705882352941176,66,0.11764705882352941,8,0.38235294117647056,26,0.8088235294117647,55,0.29411764705882354,20,0.058823529411764705,4,0.38235294117647056,26,0.014705882352941176,1
"Koperski, Przemysław",Lewica,97,2.865979381443299,0.9175257731958762,1.9484536082474226,1115.0,0.15463917525773196,15,0.3917525773195876,38,0.041237113402061855,4,0.29896907216494845,29,0.030927835051546393,3,0.7938144329896907,77,0.05154639175257732,5,0.17525773195876287,17,0.38144329896907214,37,0.010309278350515464,1,0.020618556701030927,2,0.422680412371134,41,0.09278350515463918,9
"Kopiczko, Małgorzata",PiS,54,0.9444444444444444,0.2777777777777778,0.6666666666666666,940.5,0.0,0,0.0,0,0.018518518518518517,1,0.25925925925925924,14,0.0,0,0.2037037037037037,11,0.07407407407407407,4,0.07407407407407407,4,0.037037037037037035,2,0.0,0,0.0,0,0.12962962962962962,7,0.14814814814814814,8
"Kopiec, Maciej",Lewica,62,4.596774193548387,1.8225806451612903,2.774193548387097,2532.0,0.43548387096774194,27,0.5483870967741935,34,0.4032258064516129,25,0.22580645161290322,14,0.20967741935483872,13,0.9193548387096774,57,0.14516129032258066,9,0.25806451612903225,16,0.7258064516129032,45,0.06451612903225806,4,0.06451612903225806,4,0.5645161290322581,35,0.03225806451612903,2
"Korwin-Mikke, Janusz",Konfederacja,173,4.08092485549133,1.2485549132947977,2.832369942196532,1076.0,0.1907514450867052,33,0.3872832369942196,67,0.24277456647398843,42,0.23699421965317918,41,0.1907514450867052,33,0.9710982658959537,168,0.12138728323699421,21,0.10982658959537572,19,0.5260115606936416,91,0.05202312138728324,9,0.4393063583815029,76,0.6069364161849711,105,0.005780346820809248,1
"Kosiniak-Kamysz, Władysław",KP-PSL,289,4.352941176470588,1.5847750865051904,2.7681660899653977,1922.0,0.27335640138408307,79,0.2560553633217993,74,0.1384083044982699,40,0.6332179930795848,183,0.2837370242214533,82,0.9238754325259516,267,0.14186851211072665,41,0.39100346020761245,113,0.5640138408304498,163,0.15570934256055363,45,0.0657439446366782,19,0.328719723183391,95,0.1972318339100346,57
"Kostuś, Tomasz",KO,196,1.2704081632653061,0.3622448979591837,0.9081632653061225,1175.5,0.02040816326530612,4,0.11734693877551021,23,0.0,0,0.19387755102040816,38,0.030612244897959183,6,0.3826530612244898,75,0.015306122448979591,3,0.07142857142857142,14,0.2193877551020408,43,0.00510204081632653,1,0.015306122448979591,3,0.11734693877551021,23,0.08163265306122448,16
"Kosztowniak, Andrzej",PiS,114,0.9210526315789473,0.3157894736842105,0.6052631578947368,890.0,0.008771929824561403,1,0.017543859649122806,2,0.0,0,0.2894736842105263,33,0.0,0,0.2543859649122807,29,0.02631578947368421,3,0.03508771929824561,4,0.06140350877192982,7,0.02631578947368421,3,0.0,0,0.09649122807017543,11,0.10526315789473684,12
"Kotowski, Kazimierz",KP-PSL,230,1.5695652173913044,0.5434782608695652,1.0260869565217392,1565.5,0.017391304347826087,4,0.05217391304347826,12,0.004347826086956522,1,0.45652173913043476,105,0.013043478260869565,3,0.3,69,0.02608695652173913,6,0.08260869565217391,19,0.12173913043478261,28,0.004347826086956522,1,0.013043478260869565,3,0.12608695652173912,29,0.3521739130434783,81
"Kotula, Katarzyna",Lewica,52,3.6153846153846154,1.25,2.3653846153846154,1503.5,0.21153846153846154,11,0.36538461538461536,19,0.15384615384615385,8,0.34615384615384615,18,0.17307692307692307,9,0.9038461538461539,47,0.17307692307692307,9,0.15384615384615385,8,0.5,26,0.09615384615384616,5,0.07692307692307693,4,0.4230769230769231,22,0.038461538461538464,2
"Kowalczyk, Henryk",PiS,240,1.9833333333333334,0.6333333333333333,1.35,1508.5,0.07083333333333333,17,0.029166666666666667,7,0.0375,9,0.43333333333333335,104,0.0625,15,0.49583333333333335,119,0.15833333333333333,38,0.17916666666666667,43,0.17083333333333334,41,0.11666666666666667,28,0.029166666666666667,7,0.15833333333333333,38,0.041666666666666664,10
"Kowalski, Janusz",PiS,141,4.127659574468085,1.5319148936170213,2.595744680851064,1105.0,0.2624113475177305,37,0.3120567375886525,44,0.19148936170212766,27,0.5815602836879432,82,0.18439716312056736,26,0.9078014184397163,128,0.2978723404255319,42,0.2695035460992908,38,0.6099290780141844,86,0.09219858156028368,13,0.014184397163120567,2,0.22695035460992907,32,0.1773049645390071,25
"Kownacki, Bartosz",PiS,71,3.23943661971831,1.028169014084507,2.211267605633803,1688.0,0.18309859154929578,13,0.19718309859154928,14,0.07042253521126761,5,0.4507042253521127,32,0.1267605633802817,9,0.8450704225352113,60,0.30985915492957744,22,0.19718309859154928,14,0.4084507042253521,29,0.1267605633802817,9,0.028169014084507043,2,0.2112676056338028,15,0.08450704225352113,6
"Kozanecka, Ewa",PiS,78,1.5,0.6410256410256411,0.8589743589743589,1156.0,0.01282051282051282,1,0.07692307692307693,6,0.01282051282051282,1,0.3717948717948718,29,0.16666666666666666,13,0.38461538461538464,30,0.02564102564102564,2,0.0641025641025641,5,0.15384615384615385,12,0.02564102564102564,2,0.0,0,0.11538461538461539,9,0.08974358974358974,7
"Kozłowski, Jerzy",UPR,125,2.56,0.72,1.84,1247.0,0.064,8,0.28,35,0.04,5,0.28,35,0.056,7,0.712,89,0.032,4,0.136,17,0.432,54,0.024,3,0.04,5,0.392,49,0.072,9
"Kołacz-Leszczyńska, Agnieszka",KO,224,2.0580357142857144,0.5803571428571429,1.4776785714285714,972.5,0.09821428571428571,22,0.20089285714285715,45,0.049107142857142856,11,0.17857142857142858,40,0.05357142857142857,12,0.59375,133,0.026785714285714284,6,0.20982142857142858,47,0.4330357142857143,97,0.026785714285714284,6,0.03571428571428571,8,0.12053571428571429,27,0.03125,7
"Krajewski, Jarosław",PiS,64,3.125,1.171875,1.953125,1787.5,0.03125,2,0.140625,9,0.0625,4,0.703125,45,0.234375,15,0.765625,49,0.125,8,0.1875,12,0.359375,23,0.140625,9,0.015625,1,0.25,16,0.109375,7
"Krajewski, Stefan",KP-PSL,131,3.381679389312977,0.8854961832061069,2.49618320610687,1214.0,0.17557251908396945,23,0.2900763358778626,38,0.03816793893129771,5,0.3511450381679389,46,0.030534351145038167,4,0.8702290076335878,114,0.061068702290076333,8,0.22900763358778625,30,0.5267175572519084,69,0.15267175572519084,20,0.061068702290076333,8,0.4961832061068702,65,0.09923664122137404,13
"Kraska, Waldemar",PiS,237,1.0337552742616034,0.379746835443038,0.6540084388185654,1668.0,0.016877637130801686,4,0.05485232067510549,13,0.004219409282700422,1,0.2911392405063291,69,0.012658227848101266,3,0.25316455696202533,60,0.05907172995780591,14,0.0379746835443038,9,0.0379746835443038,9,0.04219409282700422,10,0.008438818565400843,2,0.11392405063291139,27,0.10126582278481013,24
"Krawczyk, Michał",KO,66,3.8181818181818183,0.9696969696969697,2.8484848484848486,1160.0,0.25757575757575757,17,0.42424242424242425,28,0.10606060606060606,7,0.12121212121212122,8,0.06060606060606061,4,0.9696969696969697,64,0.09090909090909091,6,0.3787878787878788,25,0.7121212121212122,47,0.015151515151515152,1,0.09090909090909091,6,0.5606060606060606,37,0.030303030303030304,2
"Kretkowska, Katarzyna",Lewica,146,2.6301369863013697,0.8013698630136986,1.8287671232876712,1187.0,0.1506849315068493,22,0.273972602739726,40,0.10273972602739725,15,0.1917808219178082,28,0.0821917808219178,12,0.726027397260274,106,0.07534246575342465,11,0.18493150684931506,27,0.4246575342465753,62,0.0136986301369863,2,0.00684931506849315,1,0.3767123287671233,55,0.02054794520547945,3
"Krupka, Anna",PiS,54,1.0185185185185186,0.3333333333333333,0.6851851851851852,983.5,0.037037037037037035,2,0.018518518518518517,1,0.018518518518518517,1,0.25925925925925924,14,0.0,0,0.2962962962962963,16,0.037037037037037035,2,0.0,0,0.1111111111111111,6,0.018518518518518517,1,0.0,0,0.16666666666666666,9,0.05555555555555555,3
"Krutul, Paweł",Lewica,114,2.3157894736842106,0.7807017543859649,1.5350877192982457,758.5,0.10526315789473684,12,0.2631578947368421,30,0.017543859649122806,2,0.3508771929824561,40,0.043859649122807015,5,0.6403508771929824,73,0.06140350877192982,7,0.13157894736842105,15,0.20175438596491227,23,0.02631578947368421,3,0.02631578947368421,3,0.30701754385964913,35,0.14035087719298245,16
"Kryj, Andrzej",PiS,137,2.051094890510949,0.7226277372262774,1.3284671532846715,1190.0,0.0364963503649635,5,0.1386861313868613,19,0.021897810218978103,3,0.43795620437956206,60,0.08759124087591241,12,0.5182481751824818,71,0.029197080291970802,4,0.0948905109489051,13,0.1897810218978102,26,0.029197080291970802,4,0.014598540145985401,2,0.30656934306569344,42,0.145985401459854,20
"Krynicka, Bernadeta",PiS,136,2.3088235294117645,0.8529411764705882,1.4558823529411764,1110.5,0.09558823529411764,13,0.2426470588235294,33,0.058823529411764705,8,0.36764705882352944,50,0.08823529411764706,12,0.5955882352941176,81,0.08823529411764706,12,0.15441176470588236,21,0.23529411764705882,32,0.007352941176470588,1,0.022058823529411766,3,0.25735294117647056,35,0.09558823529411764,13
"Krzywonos-Strycharska, Henryka",KO,74,2.581081081081081,0.8513513513513513,1.7297297297297298,628.0,0.16216216216216217,12,0.3108108108108108,23,0.05405405405405406,4,0.2972972972972973,22,0.02702702702702703,2,0.7162162162162162,53,0.05405405405405406,4,0.16216216216216217,12,0.33783783783783783,25,0.02702702702702703,2,0.0,0,0.35135135135135137,26,0.08108108108108109,6
"Krząkała, Marek",KO,70,3.2857142857142856,1.042857142857143,2.242857142857143,1310.5,0.24285714285714285,17,0.3,21,0.08571428571428572,6,0.2571428571428571,18,0.15714285714285714,11,0.7714285714285715,54,0.08571428571428572,6,0.22857142857142856,16,0.6571428571428571,46,0.05714285714285714,4,0.11428571428571428,8,0.2714285714285714,19,0.05714285714285714,4
"Król, Wojciech",KO,102,2.627450980392157,0.8235294117647058,1.803921568627451,942.0,0.20588235294117646,21,0.20588235294117646,21,0.058823529411764705,6,0.21568627450980393,22,0.13725490196078433,14,0.7058823529411765,72,0.06862745098039216,7,0.18627450980392157,19,0.47058823529411764,48,0.0196078431372549,2,0.09803921568627451,10,0.22549019607843138,23,0.029411764705882353,3
"Kubów, Krzysztof",PiS,51,0.7450980392156863,0.27450980392156865,0.47058823529411764,1635.0,0.0196078431372549,1,0.0,0,0.0196078431372549,1,0.21568627450980393,11,0.0196078431372549,1,0.17647058823529413,9,0.0392156862745098,2,0.0196078431372549,1,0.0784313725490196,4,0.0784313725490196,4,0.0,0,0.0392156862745098,2,0.0392156862745098,2
"Kucharska-Dziedzic, Anita",Lewica,59,3.9322033898305087,1.3220338983050848,2.610169491525424,1042.0,0.3389830508474576,20,0.4576271186440678,27,0.2033898305084746,12,0.23728813559322035,14,0.0847457627118644,5,0.9491525423728814,56,0.05084745762711865,3,0.23728813559322035,14,0.6610169491525424,39,0.01694915254237288,1,0.1694915254237288,10,0.4915254237288136,29,0.03389830508474576,2
"Kulesza, Jakub",Konfederacja,216,3.699074074074074,1.0694444444444444,2.6296296296296298,1216.5,0.24537037037037038,53,0.25925925925925924,56,0.12962962962962962,28,0.3194444444444444,69,0.11574074074074074,25,0.9166666666666666,198,0.12037037037037036,26,0.2824074074074074,61,0.5509259259259259,119,0.06944444444444445,15,0.16666666666666666,36,0.4861111111111111,105,0.037037037037037035,8
"Kwiatkowski, Robert",Lewica,55,2.8,0.7454545454545455,2.0545454545454547,2209.0,0.10909090909090909,6,0.2,11,0.03636363636363636,2,0.34545454545454546,19,0.05454545454545454,3,0.8363636363636363,46,0.03636363636363636,2,0.12727272727272726,7,0.4909090909090909,27,0.12727272727272726,7,0.18181818181818182,10,0.2545454545454545,14,0.0,0
"Kwiecień, Anna",PiS,282,1.5921985815602837,0.5567375886524822,1.0354609929078014,977.0,0.024822695035460994,7,0.06382978723404255,18,0.01773049645390071,5,0.4326241134751773,122,0.01773049645390071,5,0.40425531914893614,114,0.05319148936170213,15,0.07801418439716312,22,0.09929078014184398,28,0.05673758865248227,16,0.01773049645390071,5,0.18085106382978725,51,0.1453900709219858,41
"Lamczyk, Stanisław",KO,123,1.146341463414634,0.36585365853658536,0.7804878048780488,1003.0,0.008130081300813009,1,0.23577235772357724,29,0.008130081300813009,1,0.0975609756097561,12,0.016260162601626018,2,0.34146341463414637,42,0.0,0,0.08130081300813008,10,0.16260162601626016,20,0.0,0,0.016260162601626018,2,0.17073170731707318,21,0.008130081300813009,1
"Lasek, Maciej",KO,50,2.5,0.76,1.74,1173.5,0.1,5,0.32,16,0.06,3,0.28,14,0.0,0,0.68,34,0.08,4,0.2,10,0.32,16,0.06,3,0.02,1,0.38,19,0.0,0
"Lassota, Józef",KO,193,3.1139896373056994,0.8393782383419689,2.2746113989637307,953.0,0.33678756476683935,65,0.12953367875647667,25,0.13471502590673576,26,0.17616580310880828,34,0.06217616580310881,12,0.8082901554404145,156,0.22279792746113988,43,0.2694300518134715,52,0.6476683937823834,125,0.02072538860103627,4,0.10362694300518134,20,0.18652849740932642,36,0.015544041450777202,3
"Latos, Tomasz",PiS,179,2.11731843575419,0.659217877094972,1.458100558659218,1037.0,0.07262569832402235,13,0.05027932960893855,9,0.0223463687150838,4,0.4860335195530726,87,0.027932960893854747,5,0.46368715083798884,83,0.0893854748603352,16,0.15083798882681565,27,0.1787709497206704,32,0.07262569832402235,13,0.0111731843575419,2,0.19553072625698323,35,0.29608938547486036,53
"Lenartowicz, Gabriela",KO,286,3.4685314685314683,1.0104895104895104,2.458041958041958,1005.0,0.32517482517482516,93,0.3006993006993007,86,0.10839160839160839,31,0.2202797202797203,63,0.055944055944055944,16,0.8986013986013986,257,0.08041958041958042,23,0.22727272727272727,65,0.6608391608391608,189,0.038461538461538464,11,0.13986013986013987,40,0.3811188811188811,109,0.03146853146853147,9
"Leszczyna, Izabela",KO,299,4.354515050167224,1.5016722408026757,2.8528428093645486,1192.0,0.5284280936454849,158,0.2909698996655518,87,0.20735785953177258,62,0.34448160535117056,103,0.13043478260869565,39,0.9498327759197325,284,0.2040133779264214,61,0.2608695652173913,78,0.802675585284281,240,0.09698996655518395,29,0.07023411371237458,21,0.431438127090301,129,0.03678929765886288,11
"Leśniak, Józef",PiS,51,0.9019607843137255,0.3137254901960784,0.5882352941176471,1044.0,0.0196078431372549,1,0.0784313725490196,4,0.0,0,0.21568627450980393,11,0.0,0,0.2549019607843137,13,0.0196078431372549,1,0.0784313725490196,4,0.11764705882352941,6,0.0,0,0.0,0,0.058823529411764705,3,0.058823529411764705,3
"Lichocka, Joanna",PiS,66,2.9393939393939394,1.3484848484848484,1.5909090909090908,1524.0,0.13636363636363635,9,0.06060606060606061,4,0.18181818181818182,12,0.6666666666666666,44,0.30303030303030304,20,0.7121212121212122,47,0.12121212121212122,8,0.09090909090909091,6,0.25757575757575757,17,0.07575757575757576,5,0.015151515151515152,1,0.22727272727272727,15,0.09090909090909091,6
"Lieder, Ewa",KO,222,2.626126126126126,0.7567567567567568,1.8693693693693694,1368.5,0.13063063063063063,29,0.32882882882882886,73,0.03153153153153153,7,0.22072072072072071,49,0.04504504504504504,10,0.7657657657657657,170,0.04504504504504504,10,0.17567567567567569,39,0.44594594594594594,99,0.018018018018018018,4,0.036036036036036036,8,0.35135135135135137,78,0.03153153153153153,7
"Lisiecki, Paweł",PiS,74,2.675675675675676,0.8108108108108109,1.864864864864865,1089.5,0.08108108108108109,6,0.24324324324324326,18,0.08108108108108109,6,0.2972972972972973,22,0.10810810810810811,8,0.7297297297297297,54,0.12162162162162163,9,0.20270270270270271,15,0.40540540540540543,30,0.05405405405405406,4,0.0,0,0.32432432432432434,24,0.02702702702702703,2
"Lubczyk, Radosław",KP-PSL,85,2.776470588235294,0.7294117647058823,2.0470588235294116,1352.0,0.047058823529411764,4,0.2,17,0.07058823529411765,6,0.38823529411764707,33,0.023529411764705882,2,0.7411764705882353,63,0.09411764705882353,8,0.16470588235294117,14,0.4,34,0.023529411764705882,2,0.047058823529411764,4,0.4,34,0.17647058823529413,15
"Lubnauer, Katarzyna",KO,314,3.6656050955414012,1.1719745222929936,2.4936305732484074,1159.5,0.3248407643312102,102,0.37579617834394907,118,0.15605095541401273,49,0.20063694267515925,63,0.11464968152866242,36,0.9012738853503185,283,0.05732484076433121,18,0.2611464968152866,82,0.6751592356687898,212,0.03503184713375796,11,0.13694267515923567,43,0.4012738853503185,126,0.025477707006369428,8
"Maciejewska, Beata",Lewica,70,3.442857142857143,1.1285714285714286,2.3142857142857145,1017.5,0.3,21,0.3,21,0.14285714285714285,10,0.2714285714285714,19,0.11428571428571428,8,0.8714285714285714,61,0.15714285714285714,11,0.21428571428571427,15,0.4714285714285714,33,0.0,0,0.07142857142857142,5,0.4857142857142857,34,0.04285714285714286,3
"Macierewicz, Antoni",PiS,61,4.295081967213115,1.639344262295082,2.6557377049180326,1386.0,0.5245901639344263,32,0.19672131147540983,12,0.14754098360655737,9,0.5245901639344263,32,0.2459016393442623,15,0.9180327868852459,56,0.26229508196721313,16,0.4262295081967213,26,0.5901639344262295,36,0.13114754098360656,8,0.01639344262295082,1,0.26229508196721313,16,0.04918032786885246,3
"Majer, Ryszard",PiS,204,0.946078431372549,0.3480392156862745,0.5980392156862745,1087.0,0.004901960784313725,1,0.05392156862745098,11,0.00980392156862745,2,0.25,51,0.029411764705882353,6,0.27450980392156865,56,0.03431372549019608,7,0.04411764705882353,9,0.04411764705882353,9,0.0196078431372549,4,0.004901960784313725,1,0.08823529411764706,18,0.08823529411764706,18
"Malik, Ewa",PiS,87,1.1149425287356323,0.39080459770114945,0.7241379310344828,1311.0,0.034482758620689655,3,0.06896551724137931,6,0.011494252873563218,1,0.27586206896551724,24,0.0,0,0.3218390804597701,28,0.011494252873563218,1,0.04597701149425287,4,0.06896551724137931,6,0.011494252873563218,1,0.0,0,0.1839080459770115,16,0.08045977011494253,7
"Maliszewski, Mirosław",KP-PSL,208,2.75,0.7259615384615384,2.0240384615384617,1437.5,0.09615384615384616,20,0.19230769230769232,40,0.02403846153846154,5,0.3557692307692308,74,0.057692307692307696,12,0.75,156,0.10096153846153846,21,0.1875,39,0.4182692307692308,87,0.09134615384615384,19,0.0625,13,0.35096153846153844,73,0.0625,13
"Mamątow, Robert",PiS,187,1.518716577540107,0.3850267379679144,1.1336898395721926,762.0,0.0855614973262032,16,0.06417112299465241,12,0.0106951871657754,2,0.1711229946524064,32,0.053475935828877004,10,0.48663101604278075,91,0.1443850267379679,27,0.1443850267379679,27,0.09090909090909091,17,0.0427807486631016,8,0.0106951871657754,2,0.1497326203208556,28,0.06417112299465241,12
"Marchewka, Arkadiusz",KO,207,2.391304347826087,0.6231884057971014,1.7681159420289856,1146.0,0.15942028985507245,33,0.30434782608695654,63,0.00966183574879227,2,0.12077294685990338,25,0.028985507246376812,6,0.6618357487922706,137,0.004830917874396135,1,0.1642512077294686,34,0.4782608695652174,99,0.014492753623188406,3,0.03864734299516908,8,0.3671497584541063,76,0.03864734299516908,8
"Martynowski, Marek",PiS,67,1.1940298507462686,0.2537313432835821,0.9402985074626866,445.0,0.13432835820895522,9,0.014925373134328358,1,0.014925373134328358,1,0.08955223880597014,6,0.0,0,0.373134328358209,25,0.14925373134328357,10,0.1044776119402985,7,0.13432835820895522,9,0.04477611940298507,3,0.04477611940298507,3,0.014925373134328358,1,0.07462686567164178,5
"Masłowska, Gabriela",PiS,232,2.2801724137931036,0.7112068965517241,1.5689655172413792,1309.5,0.05172413793103448,12,0.10344827586206896,24,0.05172413793103448,12,0.44396551724137934,103,0.0603448275862069,14,0.6336206896551724,147,0.12931034482758622,30,0.15517241379310345,36,0.28448275862068967,66,0.09482758620689655,22,0.01293103448275862,3,0.22844827586206898,53,0.03017241379310345,7
"Masłowski, Maciej",Kukiz15,198,2.01010101010101,0.601010101010101,1.4090909090909092,983.0,0.030303030303030304,6,0.12121212121212122,24,0.04040404040404041,8,0.37373737373737376,74,0.03535353535353535,7,0.5404040404040404,107,0.030303030303030304,6,0.11616161616161616,23,0.21717171717171718,43,0.03535353535353535,7,0.08080808080808081,16,0.2727272727272727,54,0.11616161616161616,23
"Matecka, Ewa",KO,155,1.3548387096774193,0.3870967741935484,0.967741935483871,803.0,0.025806451612903226,4,0.17419354838709677,27,0.025806451612903226,4,0.10967741935483871,17,0.05161290322580645,8,0.41935483870967744,65,0.012903225806451613,2,0.12258064516129032,19,0.2709677419354839,42,0.012903225806451613,2,0.025806451612903226,4,0.08387096774193549,13,0.01935483870967742,3
"Materna, Jerzy",PiS,93,0.8172043010752689,0.3548387096774194,0.46236559139784944,1203.0,0.010752688172043012,1,0.010752688172043012,1,0.021505376344086023,2,0.3010752688172043,28,0.010752688172043012,1,0.21505376344086022,20,0.010752688172043012,1,0.07526881720430108,7,0.010752688172043012,1,0.0,0,0.0,0,0.06451612903225806,6,0.08602150537634409,8
"Matusiak, Grzegorz",PiS,77,1.4155844155844155,0.44155844155844154,0.974025974025974,645.0,0.03896103896103896,3,0.03896103896103896,3,0.012987012987012988,1,0.3246753246753247,25,0.025974025974025976,2,0.44155844155844154,34,0.09090909090909091,7,0.07792207792207792,6,0.14285714285714285,11,0.07792207792207792,6,0.0,0,0.11688311688311688,9,0.025974025974025976,2
"Matusiewicz, Andrzej",PiS,183,1.0601092896174864,0.33879781420765026,0.7213114754098361,2469.0,0.0273224043715847,5,0.01639344262295082,3,0.03278688524590164,6,0.23497267759562843,43,0.0273224043715847,5,0.31693989071038253,58,0.08743169398907104,16,0.0546448087431694,10,0.08743169398907104,16,0.01639344262295082,3,0.01639344262295082,3,0.09289617486338798,17,0.04918032786885246,9
"Matysiak, Paulina",Lewica,138,2.5434782608695654,0.7681159420289855,1.7753623188405796,1037.5,0.07246376811594203,10,0.2826086956521739,39,0.028985507246376812,4,0.2971014492753623,41,0.08695652173913043,12,0.6811594202898551,94,0.036231884057971016,5,0.15942028985507245,22,0.34057971014492755,47,0.021739130434782608,3,0.057971014492753624,8,0.391304347826087,54,0.08695652173913043,12
"Małecka-Libera, Beata",KO,226,1.752212389380531,0.5221238938053098,1.2300884955752212,1414.5,0.06637168141592921,15,0.19911504424778761,45,0.008849557522123894,2,0.19911504424778761,45,0.048672566371681415,11,0.5398230088495575,122,0.030973451327433628,7,0.11946902654867257,27,0.26548672566371684,60,0.004424778761061947,1,0.022123893805309734,5,0.2168141592920354,49,0.030973451327433628,7
"Małecki, Jerzy",PiS,72,0.8194444444444444,0.2916666666666667,0.5277777777777778,942.0,0.0,0,0.08333333333333333,6,0.0,0,0.16666666666666666,12,0.041666666666666664,3,0.25,18,0.013888888888888888,1,0.041666666666666664,3,0.05555555555555555,4,0.041666666666666664,3,0.013888888888888888,1,0.08333333333333333,6,0.027777777777777776,2
"Małecki, Maciej",PiS,165,2.1454545454545455,0.7636363636363637,1.3818181818181818,1234.0,0.10909090909090909,18,0.13333333333333333,22,0.06060606060606061,10,0.38181818181818183,63,0.07878787878787878,13,0.4727272727272727,78,0.12121212121212122,20,0.15151515151515152,25,0.26666666666666666,44,0.09696969696969697,16,0.030303030303030304,5,0.12121212121212122,20,0.12121212121212122,20
"Meysztowicz, Jerzy",KO,688,2.9375,0.8648255813953488,2.072674418604651,979.5,0.29651162790697677,204,0.20784883720930233,143,0.08284883720930232,57,0.2194767441860465,151,0.05813953488372093,40,0.7630813953488372,525,0.14825581395348839,102,0.26308139534883723,181,0.498546511627907,343,0.04505813953488372,31,0.07412790697674419,51,0.2369186046511628,163,0.0436046511627907,30
"Miazga, Mieczysław",PiS,55,1.1636363636363636,0.4,0.7636363636363637,885.0,0.0,0,0.12727272727272726,7,0.0,0,0.2,11,0.07272727272727272,4,0.32727272727272727,18,0.0,0,0.05454545454545454,3,0.12727272727272726,7,0.03636363636363636,2,0.0,0,0.18181818181818182,10,0.03636363636363636,2
"Michałek, Iwona",PiS,200,1.23,0.37,0.86,742.0,0.025,5,0.065,13,0.005,1,0.265,53,0.01,2,0.355,71,0.02,4,0.055,11,0.105,21,0.025,5,0.015,3,0.195,39,0.09,18
"Michałkiewicz, Krzysztof",PiS,115,1.6347826086956523,0.5565217391304348,1.0782608695652174,2744.0,0.043478260869565216,5,0.0,0,0.02608695652173913,3,0.4782608695652174,55,0.008695652173913044,1,0.3652173913043478,42,0.11304347826086956,13,0.0782608695652174,9,0.10434782608695652,12,0.05217391304347826,6,0.0,0,0.1391304347826087,16,0.22608695652173913,26
"Mieszkowski, Krzysztof",KO,234,3.534188034188034,1.358974358974359,2.175213675213675,935.5,0.2863247863247863,67,0.2564102564102564,60,0.2606837606837607,61,0.3333333333333333,78,0.2222222222222222,52,0.9017094017094017,211,0.11965811965811966,28,0.2564102564102564,60,0.5384615384615384,126,0.004273504273504274,1,0.07692307692307693,18,0.20512820512820512,48,0.07264957264957266,17
"Mikołajczyk, Łukasz",PiS,115,0.5130434782608696,0.17391304347826086,0.3391304347826087,750.0,0.017391304347826087,2,0.008695652173913044,1,0.008695652173913044,1,0.12173913043478261,14,0.017391304347826087,2,0.1565217391304348,18,0.05217391304347826,6,0.017391304347826087,2,0.008695652173913044,1,0.034782608695652174,4,0.0,0,0.05217391304347826,6,0.017391304347826087,2
"Milczanowska, Anna",PiS,126,2.126984126984127,0.8333333333333334,1.2936507936507937,1103.0,0.0873015873015873,11,0.031746031746031744,4,0.10317460317460317,13,0.48412698412698413,61,0.12698412698412698,16,0.5158730158730159,65,0.047619047619047616,6,0.23809523809523808,30,0.20634920634920634,26,0.023809523809523808,3,0.0,0,0.15079365079365079,19,0.1111111111111111,14
"Miller, Rajmund",KO,88,3.2386363636363638,1.0113636363636365,2.227272727272727,1540.0,0.3522727272727273,31,0.32954545454545453,29,0.06818181818181818,6,0.20454545454545456,18,0.056818181818181816,5,0.75,66,0.056818181818181816,5,0.23863636363636365,21,0.48863636363636365,43,0.11363636363636363,10,0.03409090909090909,3,0.5,44,0.045454545454545456,4
"Misiołek, Andrzej",PiS,95,1.0315789473684212,0.25263157894736843,0.7789473684210526,674.0,0.010526315789473684,1,0.11578947368421053,11,0.0,0,0.11578947368421053,11,0.010526315789473684,1,0.3473684210526316,33,0.05263157894736842,5,0.07368421052631578,7,0.11578947368421053,11,0.010526315789473684,1,0.021052631578947368,2,0.09473684210526316,9,0.06315789473684211,6
"Misiło, Piotr",KO,99,2.494949494949495,0.696969696969697,1.797979797979798,1118.0,0.25252525252525254,25,0.1414141414141414,14,0.13131313131313133,13,0.1414141414141414,14,0.030303030303030304,3,0.6464646464646465,64,0.1919191919191919,19,0.12121212121212122,12,0.3838383838383838,38,0.050505050505050504,5,0.10101010101010101,10,0.2222222222222222,22,0.08080808080808081,8
"Miszalski, Aleksander",KO,89,3.561797752808989,1.0112359550561798,2.550561797752809,1235.0,0.2696629213483146,24,0.4157303370786517,37,0.06741573033707865,6,0.19101123595505617,17,0.06741573033707865,6,0.8539325842696629,76,0.033707865168539325,3,0.23595505617977527,21,0.7191011235955056,64,0.07865168539325842,7,0.056179775280898875,5,0.550561797752809,49,0.02247191011235955,2
"Morawiecki, Mateusz",PiS,52,6.615384615384615,2.3846153846153846,4.230769230769231,10581.5,0.21153846153846154,11,0.36538461538461536,19,0.21153846153846154,11,0.9807692307692307,51,0.6153846153846154,32,0.9807692307692307,51,0.5,26,0.7307692307692307,38,0.6153846153846154,32,0.38461538461538464,20,0.11538461538461539,6,0.4807692307692308,25,0.4230769230769231,22
"Morawska-Stanecka, Gabriela",Lewica,150,2.566666666666667,0.8266666666666667,1.74,1750.0,0.02,3,0.25333333333333335,38,0.04666666666666667,7,0.26666666666666666,40,0.24,36,0.7266666666666667,109,0.10666666666666667,16,0.26,39,0.3466666666666667,52,0.04666666666666667,7,0.013333333333333334,2,0.21333333333333335,32,0.02666666666666667,4
"Mosiński, Jan",PiS,131,3.404580152671756,1.2061068702290076,2.198473282442748,1435.0,0.1984732824427481,26,0.11450381679389313,15,0.16030534351145037,21,0.5419847328244275,71,0.19083969465648856,25,0.8320610687022901,109,0.19083969465648856,25,0.22137404580152673,29,0.45038167938931295,59,0.12213740458015267,16,0.030534351145038167,4,0.26717557251908397,35,0.08396946564885496,11
"Mroczek, Czesław",KO,114,4.140350877192983,1.280701754385965,2.8596491228070176,1249.0,0.5,57,0.37719298245614036,43,0.09649122807017543,11,0.23684210526315788,27,0.07017543859649122,8,1.0,114,0.08771929824561403,10,0.45614035087719296,52,0.8333333333333334,95,0.017543859649122806,2,0.017543859649122806,2,0.4473684210526316,51,0.0,0
"Mrzygłocka, Izabela Katarzyna",KO,80,1.7625,0.4,1.3625,1123.0,0.075,6,0.1375,11,0.0,0,0.1875,15,0.0,0,0.5625,45,0.05,4,0.1125,9,0.3125,25,0.0375,3,0.05,4,0.2125,17,0.025,2
"Mrówczyński, Aleksander",PiS,134,1.873134328358209,0.8208955223880597,1.0522388059701493,1230.5,0.007462686567164179,1,0.03731343283582089,5,0.03731343283582089,5,0.5970149253731343,80,0.1417910447761194,19,0.4626865671641791,62,0.03731343283582089,5,0.08208955223880597,11,0.07462686567164178,10,0.029850746268656716,4,0.0,0,0.17164179104477612,23,0.19402985074626866,26
"Mróz, Krzysztof",PiS,336,2.1845238095238093,0.5535714285714286,1.630952380952381,2100.5,0.044642857142857144,15,0.050595238095238096,17,0.05357142857142857,18,0.34523809523809523,116,0.05952380952380952,20,0.5714285714285714,192,0.20833333333333334,70,0.11904761904761904,40,0.3125,105,0.1875,63,0.041666666666666664,14,0.16964285714285715,57,0.020833333333333332,7
"Mucha, Joanna",KO,93,3.4408602150537635,1.2473118279569892,2.193548387096774,2519.0,0.25806451612903225,24,0.3333333333333333,31,0.10752688172043011,10,0.3763440860215054,35,0.17204301075268819,16,0.7849462365591398,73,0.11827956989247312,11,0.25806451612903225,24,0.5806451612903226,54,0.06451612903225806,6,0.021505376344086023,2,0.25806451612903225,24,0.10752688172043011,10
"Mularczyk, Arkadiusz",PiS,73,1.9589041095890412,0.7123287671232876,1.2465753424657535,1359.0,0.0821917808219178,6,0.0684931506849315,5,0.0547945205479452,4,0.410958904109589,30,0.0958904109589041,7,0.4383561643835616,32,0.0958904109589041,7,0.1643835616438356,12,0.2328767123287671,17,0.0547945205479452,4,0.0136986301369863,1,0.1232876712328767,9,0.1232876712328767,9
"Murdzek, Wojciech",PiS,70,1.1285714285714286,0.5,0.6285714285714286,2500.5,0.014285714285714285,1,0.014285714285714285,1,0.0,0,0.4714285714285714,33,0.0,0,0.15714285714285714,11,0.02857142857142857,2,0.04285714285714286,3,0.04285714285714286,3,0.0,0,0.0,0,0.11428571428571428,8,0.24285714285714285,17
"Myrcha, Arkadiusz",KO,201,3.3781094527363185,0.9900497512437811,2.388059701492537,1103.0,0.3383084577114428,68,0.2885572139303483,58,0.12935323383084577,26,0.15422885572139303,31,0.07960199004975124,16,0.8159203980099502,164,0.1691542288557214,34,0.32338308457711445,65,0.681592039800995,137,0.04477611940298507,9,0.08955223880597014,18,0.22885572139303484,46,0.03482587064676617,7
"Mężydło, Antoni",KO,103,2.1067961165048543,0.46601941747572817,1.6407766990291262,1489.0,0.038834951456310676,4,0.08737864077669903,9,0.0,0,0.2912621359223301,30,0.04854368932038835,5,0.6796116504854369,70,0.07766990291262135,8,0.1553398058252427,16,0.36893203883495146,38,0.04854368932038835,5,0.08737864077669903,9,0.17475728155339806,18,0.04854368932038835,5
"Naimski, Piotr",PiS,64,0.984375,0.4375,0.546875,1205.0,0.0,0,0.0625,4,0.0,0,0.296875,19,0.078125,5,0.28125,18,0.0,0,0.046875,3,0.03125,2,0.015625,1,0.0,0,0.09375,6,0.078125,5
"Nemś, Anna",KO,78,2.5256410256410255,0.7307692307692307,1.794871794871795,1069.0,0.21794871794871795,17,0.19230769230769232,15,0.038461538461538464,3,0.2564102564102564,20,0.02564102564102564,2,0.6794871794871795,53,0.05128205128205128,4,0.24358974358974358,19,0.46153846153846156,36,0.05128205128205128,4,0.02564102564102564,2,0.23076923076923078,18,0.05128205128205128,4
"Neumann, Sławomir",KO,88,4.340909090909091,1.4204545454545454,2.9204545454545454,1155.0,0.6136363636363636,54,0.2159090909090909,19,0.2159090909090909,19,0.26136363636363635,23,0.11363636363636363,10,0.9318181818181818,82,0.23863636363636365,21,0.5,44,0.7159090909090909,63,0.10227272727272728,9,0.07954545454545454,7,0.3181818181818182,28,0.03409090909090909,3
"Niedziela, Dorota",KO,191,3.2670157068062826,0.8429319371727748,2.424083769633508,1100.0,0.3089005235602094,59,0.2670157068062827,51,0.05759162303664921,11,0.17277486910994763,33,0.03664921465968586,7,0.8534031413612565,163,0.14136125654450263,27,0.27225130890052357,52,0.5549738219895288,106,0.07853403141361257,15,0.015706806282722512,3,0.46596858638743455,89,0.041884816753926704,8
"Niemczyk, Małgorzata",KO,85,3.2470588235294118,0.9294117647058824,2.3176470588235296,1170.0,0.24705882352941178,21,0.4117647058823529,35,0.058823529411764705,5,0.15294117647058825,13,0.058823529411764705,5,0.8117647058823529,69,0.10588235294117647,9,0.25882352941176473,22,0.5647058823529412,48,0.047058823529411764,4,0.058823529411764705,5,0.4588235294117647,39,0.011764705882352941,1
"Niesiołowski, Stefan",KP-PSL,79,4.987341772151899,1.7974683544303798,3.189873417721519,2464.0,0.7468354430379747,59,0.10126582278481013,8,0.6582278481012658,52,0.21518987341772153,17,0.0759493670886076,6,0.9620253164556962,76,0.5569620253164557,44,0.21518987341772153,17,0.6708860759493671,53,0.20253164556962025,16,0.22784810126582278,18,0.34177215189873417,27,0.012658227848101266,1
"Nitras, Sławomir",KO,400,4.015,1.2975,2.7175,1213.5,0.4675,187,0.2525,101,0.1875,75,0.2675,107,0.1225,49,0.935,374,0.2825,113,0.4175,167,0.645,258,0.0575,23,0.065,26,0.28,112,0.035,14
"Nowacka, Barbara",KO,103,4.504854368932039,1.7281553398058251,2.7766990291262137,1216.0,0.5145631067961165,53,0.4854368932038835,50,0.23300970873786409,24,0.3592233009708738,37,0.13592233009708737,14,0.9805825242718447,101,0.10679611650485436,11,0.36893203883495146,38,0.7475728155339806,77,0.038834951456310676,4,0.04854368932038835,5,0.4174757281553398,43,0.06796116504854369,7
"Nowicka, Wanda",Lewica,140,3.142857142857143,1.1857142857142857,1.957142857142857,1108.0,0.24285714285714285,34,0.4785714285714286,67,0.14285714285714285,20,0.22142857142857142,31,0.1,14,0.8142857142857143,114,0.04285714285714286,6,0.17142857142857143,24,0.5142857142857142,72,0.02142857142857143,3,0.05,7,0.30714285714285716,43,0.03571428571428571,5
"Nowogórska, Urszula",KP-PSL,64,1.09375,0.46875,0.625,2652.5,0.0,0,0.125,8,0.0,0,0.3125,20,0.03125,2,0.265625,17,0.0,0,0.03125,2,0.078125,5,0.0,0,0.015625,1,0.078125,5,0.15625,10
"Nykiel, Mirosława",KO,177,2.8983050847457625,0.8022598870056498,2.096045197740113,1004.0,0.3107344632768362,55,0.20903954802259886,37,0.04519774011299435,8,0.1807909604519774,32,0.05649717514124294,10,0.7853107344632768,139,0.03389830508474576,6,0.22598870056497175,40,0.5932203389830508,105,0.03389830508474576,6,0.03954802259887006,7,0.3785310734463277,67,0.005649717514124294,1
"Nykiel, Włodzimierz",KO,125,1.192,0.24,0.952,1544.0,0.016,2,0.048,6,0.008,1,0.168,21,0.0,0,0.424,53,0.048,6,0.072,9,0.168,21,0.024,3,0.032,4,0.176,22,0.008,1
"Obaz, Robert",Lewica,106,2.707547169811321,0.7075471698113207,2.0,1029.5,0.12264150943396226,13,0.29245283018867924,31,0.0,0,0.24528301886792453,26,0.04716981132075472,5,0.7169811320754716,76,0.05660377358490566,6,0.1320754716981132,14,0.36792452830188677,39,0.05660377358490566,6,0.09433962264150944,10,0.4716981132075472,50,0.10377358490566038,11
"Obremski, Jarosław",PiS,88,2.3863636363636362,0.7727272727272727,1.6136363636363635,1912.5,0.011363636363636364,1,0.19318181818181818,17,0.056818181818181816,5,0.3409090909090909,30,0.17045454545454544,15,0.7159090909090909,63,0.06818181818181818,6,0.17045454545454544,15,0.2727272727272727,24,0.10227272727272728,9,0.056818181818181816,5,0.17045454545454544,15,0.056818181818181816,5
"Obrycki, Norbert",KO,74,2.1621621621621623,0.6216216216216216,1.5405405405405406,1125.5,0.0945945945945946,7,0.17567567567567569,13,0.04054054054054054,3,0.2702702702702703,20,0.04054054054054054,3,0.581081081081081,43,0.02702702702702703,2,0.1891891891891892,14,0.3918918918918919,29,0.02702702702702703,2,0.06756756756756757,5,0.17567567567567569,13,0.08108108108108109,6
"Okła-Drewnowicz, Marzena",KO,116,3.913793103448276,1.1379310344827587,2.7758620689655173,1152.5,0.3706896551724138,43,0.25862068965517243,30,0.06896551724137931,8,0.35344827586206895,41,0.08620689655172414,10,0.9482758620689655,110,0.09482758620689655,11,0.25862068965517243,30,0.6724137931034483,78,0.12931034482758622,15,0.04310344827586207,5,0.5775862068965517,67,0.05172413793103448,6
"Olichwer, Tomasz",KO,72,2.2916666666666665,0.7083333333333334,1.5833333333333333,963.5,0.0,0,0.3333333333333333,24,0.013888888888888888,1,0.2638888888888889,19,0.09722222222222222,7,0.625,45,0.013888888888888888,1,0.16666666666666666,12,0.3194444444444444,23,0.013888888888888888,1,0.041666666666666664,3,0.2916666666666667,21,0.1111111111111111,8
"Orzechowska, Bogusława",PiS,125,1.696,0.528,1.168,965.0,0.096,12,0.04,5,0.064,8,0.296,37,0.032,4,0.456,57,0.104,13,0.08,10,0.168,21,0.048,6,0.016,2,0.2,25,0.096,12
"Osos, Katarzyna",KO,89,1.9101123595505618,0.5842696629213483,1.3258426966292134,1195.0,0.056179775280898875,5,0.24719101123595505,22,0.033707865168539325,3,0.20224719101123595,18,0.0449438202247191,4,0.5056179775280899,45,0.0,0,0.15730337078651685,14,0.30337078651685395,27,0.011235955056179775,1,0.07865168539325842,7,0.16853932584269662,15,0.10112359550561797,9
"Ozdoba, Jacek",PiS,51,2.2549019607843137,0.7843137254901961,1.4705882352941178,1709.0,0.17647058823529413,9,0.0392156862745098,2,0.19607843137254902,10,0.3333333333333333,17,0.0392156862745098,2,0.45098039215686275,23,0.27450980392156865,14,0.17647058823529413,9,0.27450980392156865,14,0.09803921568627451,5,0.058823529411764705,3,0.09803921568627451,5,0.0392156862745098,2
"Paluch, Anna",PiS,300,1.8766666666666667,0.5666666666666667,1.31,1595.5,0.11666666666666667,35,0.04,12,0.04666666666666667,14,0.3333333333333333,100,0.03,9,0.4866666666666667,146,0.13,39,0.10333333333333333,31,0.22666666666666666,68,0.13666666666666666,41,0.02,6,0.13666666666666666,41,0.07,21
"Pampuch, Mirosław",KO,290,2.1206896551724137,0.4896551724137931,1.6310344827586207,1313.5,0.14482758620689656,42,0.19655172413793104,57,0.013793103448275862,4,0.1206896551724138,35,0.013793103448275862,4,0.6482758620689655,188,0.03793103448275862,11,0.18275862068965518,53,0.496551724137931,144,0.010344827586206896,3,0.07586206896551724,22,0.16896551724137931,49,0.010344827586206896,3
"Pamuła, Teresa",PiS,56,2.0714285714285716,0.8571428571428571,1.2142857142857142,1045.0,0.05357142857142857,3,0.03571428571428571,2,0.05357142857142857,3,0.6071428571428571,34,0.10714285714285714,6,0.48214285714285715,27,0.125,7,0.14285714285714285,8,0.07142857142857142,4,0.0,0,0.0,0,0.19642857142857142,11,0.19642857142857142,11
"Papke, Paweł",KO,54,1.4444444444444444,0.3148148148148148,1.1296296296296295,887.5,0.05555555555555555,3,0.16666666666666666,9,0.0,0,0.09259259259259259,5,0.0,0,0.4444444444444444,24,0.018518518518518517,1,0.16666666666666666,9,0.25925925925925924,14,0.018518518518518517,1,0.018518518518518517,1,0.18518518518518517,10,0.018518518518518517,1
"Parda, Błażej",Kukiz15,122,3.5901639344262297,1.0573770491803278,2.5327868852459017,1110.5,0.19672131147540983,24,0.29508196721311475,36,0.06557377049180328,8,0.4098360655737705,50,0.09016393442622951,11,0.9180327868852459,112,0.10655737704918032,13,0.2459016393442623,30,0.639344262295082,78,0.07377049180327869,9,0.11475409836065574,14,0.4180327868852459,51,0.01639344262295082,2
"Paszyk, Krzysztof",KP-PSL,702,2.505698005698006,0.7222222222222222,1.7834757834757835,1539.0,0.1225071225071225,86,0.2264957264957265,159,0.05270655270655271,37,0.254985754985755,179,0.06552706552706553,46,0.6823361823361823,479,0.06125356125356125,43,0.21652421652421652,152,0.43304843304843305,304,0.03561253561253561,25,0.05128205128205128,36,0.23219373219373218,163,0.07122507122507123,50
"Paul, Jerzy",PiS,77,1.2987012987012987,0.5064935064935064,0.7922077922077922,1126.0,0.012987012987012988,1,0.06493506493506493,5,0.012987012987012988,1,0.38961038961038963,30,0.025974025974025976,2,0.2727272727272727,21,0.012987012987012988,1,0.06493506493506493,5,0.11688311688311688,9,0.012987012987012988,1,0.0,0,0.15584415584415584,12,0.15584415584415584,12
"Pawliczak, Karolina",Lewica,76,2.3684210526315788,0.7894736842105263,1.5789473684210527,946.0,0.13157894736842105,10,0.42105263157894735,32,0.039473684210526314,3,0.15789473684210525,12,0.039473684210526314,3,0.6578947368421053,50,0.039473684210526314,3,0.19736842105263158,15,0.34210526315789475,26,0.013157894736842105,1,0.02631578947368421,2,0.2894736842105263,22,0.013157894736842105,1
"Peczkis, Grzegorz",PiS,249,1.465863453815261,0.41767068273092367,1.0481927710843373,1086.0,0.04417670682730924,11,0.0963855421686747,24,0.028112449799196786,7,0.21686746987951808,54,0.0321285140562249,8,0.41767068273092367,104,0.12449799196787148,31,0.07228915662650602,18,0.14457831325301204,36,0.028112449799196786,7,0.04417670682730924,11,0.18072289156626506,45,0.03614457831325301,9
"Petru, Ryszard",Teraz,121,4.446280991735537,1.396694214876033,3.049586776859504,1942.0,0.371900826446281,45,0.4793388429752066,58,0.1652892561983471,20,0.2066115702479339,25,0.17355371900826447,21,0.9338842975206612,113,0.24793388429752067,30,0.32231404958677684,39,0.8264462809917356,100,0.1322314049586777,16,0.11570247933884298,14,0.4462809917355372,54,0.024793388429752067,3
"Piecha, Wojciech",PiS,145,0.6068965517241379,0.21379310344827587,0.3931034482758621,716.0,0.020689655172413793,3,0.020689655172413793,3,0.006896551724137931,1,0.13793103448275862,20,0.027586206896551724,4,0.18620689655172415,27,0.04827586206896552,7,0.027586206896551724,4,0.034482758620689655,5,0.027586206896551724,4,0.0,0,0.06206896551724138,9,0.006896551724137931,1
"Piontkowski, Dariusz",PiS,217,2.1013824884792625,0.6221198156682027,1.4792626728110598,1205.0,0.06451612903225806,14,0.06912442396313365,15,0.05069124423963134,11,0.35944700460829493,78,0.07834101382488479,17,0.576036866359447,125,0.10599078341013825,23,0.17511520737327188,38,0.271889400921659,59,0.06451612903225806,14,0.05069124423963134,11,0.15668202764976957,34,0.07834101382488479,17
"Piotrowicz, Stanisław",PiS,104,4.144230769230769,1.3653846153846154,2.7788461538461537,2250.0,0.38461538461538464,40,0.057692307692307696,6,0.2692307692307692,28,0.38461538461538464,40,0.2692307692307692,28,0.8557692307692307,89,0.33653846153846156,35,0.47115384615384615,49,0.5865384615384616,61,0.25,26,0.08653846153846154,9,0.125,13,0.0673076923076923,7
"Piątkowski, Krzysztof",KO,82,3.792682926829268,1.1219512195121952,2.6707317073170733,969.5,0.43902439024390244,36,0.2926829268292683,24,0.10975609756097561,9,0.1951219512195122,16,0.08536585365853659,7,0.9390243902439024,77,0.08536585365853659,7,0.2804878048780488,23,0.7073170731707317,58,0.04878048780487805,4,0.10975609756097561,9,0.43902439024390244,36,0.06097560975609756,5
"Plocke, Kazimierz",KO,107,1.897196261682243,0.48598130841121495,1.411214953271028,1394.0,0.07476635514018691,8,0.205607476635514,22,0.009345794392523364,1,0.18691588785046728,20,0.009345794392523364,1,0.5607476635514018,60,0.028037383177570093,3,0.09345794392523364,10,0.3177570093457944,34,0.037383177570093455,4,0.04672897196261682,5,0.2803738317757009,30,0.04672897196261682,5
"Pociej, Aleksander",KO,558,2.261648745519713,0.5,1.7616487455197132,1413.0,0.07168458781362007,40,0.1039426523297491,58,0.03225806451612903,18,0.2114695340501792,118,0.08064516129032258,45,0.6487455197132617,362,0.14695340501792115,82,0.2007168458781362,112,0.3548387096774194,198,0.08422939068100359,47,0.09498207885304659,53,0.1935483870967742,108,0.03763440860215054,21
"Polaczek, Jerzy",PiS,137,1.3503649635036497,0.5255474452554745,0.8248175182481752,1864.0,0.0364963503649635,5,0.014598540145985401,2,0.0,0,0.45985401459854014,63,0.014598540145985401,2,0.26277372262773724,36,0.058394160583941604,8,0.06569343065693431,9,0.072992700729927,10,0.021897810218978103,3,0.0,0,0.1678832116788321,23,0.17518248175182483,24
"Polak, Marek",PiS,187,0.9572192513368984,0.47593582887700536,0.48128342245989303,891.0,0.0053475935828877,1,0.10160427807486631,19,0.0,0,0.3582887700534759,67,0.0106951871657754,2,0.24598930481283424,46,0.0,0,0.026737967914438502,5,0.06417112299465241,12,0.0053475935828877,1,0.0,0,0.0427807486631016,8,0.0962566844919786,18
"Polak, Piotr",PiS,130,1.3615384615384616,0.47692307692307695,0.8846153846153846,1094.5,0.007692307692307693,1,0.06153846153846154,8,0.023076923076923078,3,0.3769230769230769,49,0.007692307692307693,1,0.4153846153846154,54,0.038461538461538464,5,0.038461538461538464,5,0.08461538461538462,11,0.007692307692307693,1,0.007692307692307693,1,0.2153846153846154,28,0.07692307692307693,10
"Poślednik, Marian",KO,83,0.6024096385542169,0.21686746987951808,0.3855421686746988,781.0,0.0,0,0.10843373493975904,9,0.024096385542168676,2,0.060240963855421686,5,0.024096385542168676,2,0.1686746987951807,14,0.012048192771084338,1,0.024096385542168676,2,0.08433734939759036,7,0.0,0,0.012048192771084338,1,0.08433734939759036,7,0.0,0
"Probierz, Krystian",PiS,81,1.2469135802469136,0.30864197530864196,0.9382716049382716,863.0,0.0,0,0.012345679012345678,1,0.012345679012345678,1,0.2716049382716049,22,0.012345679012345678,1,0.41975308641975306,34,0.12345679012345678,10,0.012345679012345678,1,0.13580246913580246,11,0.024691358024691357,2,0.0,0,0.19753086419753085,16,0.024691358024691357,2
"Prokop-Paczkowska, Małgorzata",Lewica,54,3.5185185185185186,1.1296296296296295,2.388888888888889,1047.0,0.3148148148148148,17,0.2222222222222222,12,0.16666666666666666,9,0.4074074074074074,22,0.018518518518518517,1,0.8888888888888888,48,0.09259259259259259,5,0.18518518518518517,10,0.5925925925925926,32,0.018518518518518517,1,0.12962962962962962,7,0.37037037037037035,20,0.1111111111111111,6
"Protas, Jacek",KO,112,3.0714285714285716,0.7857142857142857,2.2857142857142856,894.0,0.21428571428571427,24,0.2857142857142857,32,0.017857142857142856,2,0.22321428571428573,25,0.044642857142857144,5,0.8482142857142857,95,0.0625,7,0.3482142857142857,39,0.6428571428571429,72,0.017857142857142856,2,0.05357142857142857,6,0.24107142857142858,27,0.07142857142857142,8
"Protasiewicz, Jacek",KP-PSL,324,3.5339506172839505,1.0740740740740742,2.4598765432098766,1339.0,0.3148148148148148,102,0.20679012345679013,67,0.12345679012345678,40,0.2962962962962963,96,0.13271604938271606,43,0.8827160493827161,286,0.15123456790123457,49,0.2993827160493827,97,0.6450617283950617,209,0.06481481481481481,21,0.05555555555555555,18,0.3148148148148148,102,0.046296296296296294,15
"Puda, Grzegorz",PiS,62,1.467741935483871,0.5967741935483871,0.8709677419354839,2341.5,0.06451612903225806,4,0.03225806451612903,2,0.016129032258064516,1,0.45161290322580644,28,0.03225806451612903,2,0.27419354838709675,17,0.06451612903225806,4,0.04838709677419355,3,0.0967741935483871,6,0.03225806451612903,2,0.03225806451612903,2,0.11290322580645161,7,0.20967741935483872,13
"Pudłowski, Paweł",KO,130,2.830769230769231,0.8769230769230769,1.9538461538461538,1231.0,0.13076923076923078,17,0.24615384615384617,32,0.038461538461538464,5,0.36923076923076925,48,0.09230769230769231,12,0.7692307692307693,100,0.046153846153846156,6,0.23846153846153847,31,0.4,52,0.015384615384615385,2,0.05384615384615385,7,0.35384615384615387,46,0.07692307692307693,10
"Pyzik, Piotr",PiS,315,1.0317460317460319,0.4444444444444444,0.5873015873015873,652.0,0.006349206349206349,2,0.09841269841269841,31,0.025396825396825397,8,0.25396825396825395,80,0.06031746031746032,19,0.2920634920634921,92,0.009523809523809525,3,0.03492063492063492,11,0.10793650793650794,34,0.006349206349206349,2,0.012698412698412698,4,0.05714285714285714,18,0.06666666666666667,21
"Pęcherz, Janusz",KO,146,0.6643835616438356,0.2328767123287671,0.4315068493150685,814.0,0.0,0,0.11643835616438356,17,0.0,0,0.1095890410958904,16,0.00684931506849315,1,0.17123287671232876,25,0.0273972602739726,4,0.02054794520547945,3,0.0547945205479452,8,0.00684931506849315,1,0.00684931506849315,1,0.11643835616438356,17,0.0273972602739726,4
"Pęk, Marek",PiS,337,1.7002967359050445,0.5281899109792285,1.172106824925816,947.0,0.08011869436201781,27,0.04747774480712166,16,0.05341246290801187,18,0.2551928783382789,86,0.09198813056379822,31,0.44510385756676557,150,0.08011869436201781,27,0.17210682492581603,58,0.22255192878338279,75,0.05934718100890208,20,0.04747774480712166,16,0.08011869436201781,27,0.06528189910979229,22
"Pępek, Małgorzata",KO,762,2.442257217847769,0.6876640419947506,1.7545931758530184,928.0,0.1968503937007874,150,0.3083989501312336,235,0.02099737532808399,16,0.14173228346456693,108,0.01968503937007874,15,0.6889763779527559,525,0.04330708661417323,33,0.20603674540682415,157,0.4645669291338583,354,0.03805774278215223,29,0.030183727034120734,23,0.26115485564304464,199,0.02230971128608924,17
"Radziszewska, Elżbieta",KO,120,3.533333333333333,0.9666666666666667,2.566666666666667,1180.0,0.3333333333333333,40,0.375,45,0.075,9,0.125,15,0.058333333333333334,7,0.8833333333333333,106,0.16666666666666666,20,0.325,39,0.6666666666666666,80,0.05,6,0.025,3,0.4166666666666667,50,0.03333333333333333,4
"Radziwiłł, Konstanty",PiS,216,2.2777777777777777,0.7962962962962963,1.4814814814814814,3158.5,0.06481481481481481,14,0.09722222222222222,21,0.06018518518518518,13,0.46296296296296297,100,0.1111111111111111,24,0.5694444444444444,123,0.08333333333333333,18,0.13425925925925927,29,0.18055555555555555,39,0.06018518518518518,13,0.018518518518518517,4,0.24074074074074073,52,0.19444444444444445,42
"Raś, Ireneusz",KO,66,2.515151515151515,0.696969696969697,1.8181818181818181,1238.0,0.18181818181818182,12,0.10606060606060606,7,0.015151515151515152,1,0.3787878787878788,25,0.015151515151515152,1,0.7272727272727273,48,0.16666666666666666,11,0.15151515151515152,10,0.2878787878787879,19,0.045454545454545456,3,0.06060606060606061,4,0.2878787878787879,19,0.09090909090909091,6
"Romańczuk, Tadeusz",PiS,64,0.859375,0.359375,0.5,889.5,0.0,0,0.046875,3,0.0,0,0.296875,19,0.015625,1,0.1875,12,0.015625,1,0.046875,3,0.015625,1,0.03125,2,0.015625,1,0.109375,7,0.078125,5
"Romecki, Stefan",Kukiz15,314,2.0987261146496814,0.7101910828025477,1.3885350318471337,805.0,0.03184713375796178,10,0.20382165605095542,64,0.050955414012738856,16,0.3184713375796178,100,0.10509554140127389,33,0.5955414012738853,187,0.03821656050955414,12,0.10191082802547771,32,0.20382165605095542,64,0.03821656050955414,12,0.028662420382165606,9,0.2961783439490446,93,0.08598726114649681,27
"Rosa, Monika",KO,301,2.9767441860465116,0.9269102990033222,2.0498338870431896,1089.0,0.17275747508305647,52,0.37209302325581395,112,0.0664451827242525,20,0.20930232558139536,63,0.10631229235880399,32,0.8106312292358804,244,0.0664451827242525,20,0.2591362126245847,78,0.4717607973421927,142,0.013289036544850499,4,0.04318936877076412,13,0.33554817275747506,101,0.04983388704318937,15
"Rosati, Dariusz",KO,69,3.8550724637681157,1.1594202898550725,2.6956521739130435,1253.0,0.391304347826087,27,0.3188405797101449,22,0.13043478260869565,9,0.2608695652173913,18,0.057971014492753624,4,0.9420289855072463,65,0.10144927536231885,7,0.2898550724637681,20,0.7101449275362319,49,0.014492753623188406,1,0.07246376811594203,5,0.5362318840579711,37,0.028985507246376812,2
"Rotnicka, Jadwiga",KO,222,0.7882882882882883,0.17567567567567569,0.6126126126126126,748.5,0.018018018018018018,4,0.06306306306306306,14,0.013513513513513514,3,0.08108108108108109,18,0.0,0,0.25675675675675674,57,0.018018018018018018,4,0.04954954954954955,11,0.13963963963963963,31,0.009009009009009009,2,0.02252252252252252,5,0.08558558558558559,19,0.03153153153153153,7
"Rusiecki, Grzegorz",KO,118,2.4745762711864407,0.711864406779661,1.7627118644067796,1015.0,0.09322033898305085,11,0.211864406779661,25,0.01694915254237288,2,0.3474576271186441,41,0.0423728813559322,5,0.6864406779661016,81,0.025423728813559324,3,0.2457627118644068,29,0.3305084745762712,39,0.0,0,0.059322033898305086,7,0.23728813559322035,28,0.17796610169491525,21
"Ruszczyk, Leszek",KO,76,2.776315789473684,0.75,2.026315789473684,877.5,0.09210526315789473,7,0.34210526315789475,26,0.039473684210526314,3,0.23684210526315788,18,0.039473684210526314,3,0.8421052631578947,64,0.09210526315789473,7,0.21052631578947367,16,0.5,38,0.0,0,0.039473684210526314,3,0.32894736842105265,25,0.013157894736842105,1
"Rutka, Marek",Lewica,139,2.683453237410072,0.7985611510791367,1.8848920863309353,961.0,0.07194244604316546,10,0.302158273381295,42,0.050359712230215826,7,0.31654676258992803,44,0.05755395683453238,8,0.7482014388489209,104,0.050359712230215826,7,0.14388489208633093,20,0.4460431654676259,62,0.014388489208633094,2,0.07194244604316546,10,0.37410071942446044,52,0.03597122302158273,5
"Rutnicki, Jakub",KO,140,3.7071428571428573,1.0857142857142856,2.6214285714285714,1055.0,0.39285714285714285,55,0.40714285714285714,57,0.04285714285714286,6,0.2,28,0.04285714285714286,6,0.8642857142857143,121,0.15,21,0.22857142857142856,32,0.6428571428571429,90,0.07857142857142857,11,0.02857142857142857,4,0.5714285714285714,80,0.05714285714285714,8
"Rybicki, Sławomir",KO,473,1.4143763213530656,0.3594080338266385,1.054968287526427,797.0,0.021141649048625793,10,0.12050739957716702,57,0.02748414376321353,13,0.11627906976744186,55,0.07399577167019028,35,0.45665961945031713,216,0.04439746300211417,21,0.1226215644820296,58,0.3128964059196617,148,0.019027484143763214,9,0.023255813953488372,11,0.052854122621564484,25,0.023255813953488372,11
"Rzepa, Jarosław",KP-PSL,185,2.9135135135135135,0.9135135135135135,2.0,1341.0,0.12432432432432433,23,0.31891891891891894,59,0.021621621621621623,4,0.3945945945945946,73,0.05405405405405406,10,0.745945945945946,138,0.02702702702702703,5,0.22162162162162163,41,0.2972972972972973,55,0.032432432432432434,6,0.010810810810810811,2,0.44324324324324327,82,0.22162162162162163,41
"Rzymkowski, Tomasz",PiS,113,2.3628318584070795,0.8584070796460177,1.5044247787610618,1722.0,0.11504424778761062,13,0.17699115044247787,20,0.09734513274336283,11,0.2743362831858407,31,0.19469026548672566,22,0.5752212389380531,65,0.061946902654867256,7,0.168141592920354,19,0.34513274336283184,39,0.017699115044247787,2,0.04424778761061947,5,0.168141592920354,19,0.12389380530973451,14
"Sachajko, Jarosław",Kukiz15,333,2.6156156156156154,0.8168168168168168,1.7987987987987988,917.0,0.05105105105105105,17,0.3003003003003003,100,0.03003003003003003,10,0.39039039039039036,130,0.04504504504504504,15,0.7837837837837838,261,0.03903903903903904,13,0.15915915915915915,53,0.3063063063063063,102,0.036036036036036036,12,0.02702702702702703,9,0.36936936936936937,123,0.07807807807807808,26
"Sanocki, Janusz",PrzywrócićPrawo,87,4.0344827586206895,1.2873563218390804,2.7471264367816093,1635.0,0.26436781609195403,23,0.2413793103448276,21,0.25287356321839083,22,0.2988505747126437,26,0.22988505747126436,20,0.9540229885057471,83,0.13793103448275862,12,0.26436781609195403,23,0.5402298850574713,47,0.09195402298850575,8,0.1724137931034483,15,0.4827586206896552,42,0.10344827586206896,9
"Sasin, Jacek",PiS,73,3.1095890410958904,1.0547945205479452,2.0547945205479454,1729.0,0.1917808219178082,14,0.0821917808219178,6,0.0547945205479452,4,0.5342465753424658,39,0.1917808219178082,14,0.7397260273972602,54,0.1780821917808219,13,0.273972602739726,20,0.4794520547945205,35,0.1780821917808219,13,0.0136986301369863,1,0.1780821917808219,13,0.0136986301369863,1
"Sawicki, Marek",KP-PSL,129,2.9069767441860463,0.751937984496124,2.1550387596899223,1313.0,0.14728682170542637,19,0.10852713178294573,14,0.023255813953488372,3,0.4418604651162791,57,0.031007751937984496,4,0.7984496124031008,103,0.15503875968992248,20,0.1937984496124031,25,0.43410852713178294,56,0.14728682170542637,19,0.046511627906976744,6,0.3023255813953488,39,0.07751937984496124,10
"Scheuring-Wielgus, Joanna",Teraz,297,3.8013468013468015,1.228956228956229,2.5723905723905722,973.0,0.49158249158249157,146,0.2053872053872054,61,0.24242424242424243,72,0.1919191919191919,57,0.09764309764309764,29,0.936026936026936,278,0.2760942760942761,82,0.2895622895622896,86,0.5959595959595959,177,0.050505050505050504,15,0.04377104377104377,13,0.30976430976430974,92,0.0707070707070707,21
"Schreiber, Łukasz",PiS,229,2.7729257641921397,0.8078602620087336,1.965065502183406,1429.0,0.1615720524017467,37,0.05240174672489083,12,0.08733624454148471,20,0.4192139737991266,96,0.08733624454148471,20,0.6462882096069869,148,0.23580786026200873,54,0.23580786026200873,54,0.32751091703056767,75,0.17467248908296942,40,0.05240174672489083,12,0.17903930131004367,41,0.11353711790393013,26
"Sekuła, Joanna",KO,94,1.3936170212765957,0.3723404255319149,1.0212765957446808,857.0,0.031914893617021274,3,0.1595744680851064,15,0.010638297872340425,1,0.0851063829787234,8,0.0851063829787234,8,0.40425531914893614,38,0.05319148936170213,5,0.14893617021276595,14,0.2765957446808511,26,0.010638297872340425,1,0.02127659574468085,2,0.0851063829787234,8,0.02127659574468085,2
"Sellin, Jarosław",PiS,116,1.7413793103448276,0.6982758620689655,1.043103448275862,2739.0,0.017241379310344827,2,0.02586206896551724,3,0.034482758620689655,4,0.5431034482758621,63,0.07758620689655173,9,0.45689655172413796,53,0.0603448275862069,7,0.09482758620689655,11,0.1206896551724138,14,0.08620689655172414,10,0.008620689655172414,1,0.10344827586206896,12,0.11206896551724138,13
"Senyszyn, Joanna",Lewica,88,3.659090909090909,1.25,2.409090909090909,888.5,0.375,33,0.32954545454545453,29,0.20454545454545456,18,0.25,22,0.09090909090909091,8,0.875,77,0.125,11,0.22727272727272727,20,0.6022727272727273,53,0.056818181818181816,5,0.06818181818181818,6,0.38636363636363635,34,0.06818181818181818,6
"Seweryński, Michał",PiS,218,0.9311926605504587,0.27522935779816515,0.6559633027522935,759.0,0.0045871559633027525,1,0.04128440366972477,9,0.013761467889908258,3,0.15137614678899083,33,0.06422018348623854,14,0.28440366972477066,62,0.0871559633027523,19,0.07339449541284404,16,0.0963302752293578,21,0.0045871559633027525,1,0.022935779816513763,5,0.027522935779816515,6,0.05963302752293578,13
"Siarka, Edward",PiS,143,1.1888111888111887,0.3986013986013986,0.7902097902097902,1391.0,0.013986013986013986,2,0.06293706293706294,9,0.0,0,0.3146853146853147,45,0.006993006993006993,1,0.3006993006993007,43,0.02097902097902098,3,0.08391608391608392,12,0.06293706293706294,9,0.013986013986013986,2,0.006993006993006993,1,0.17482517482517482,25,0.1258741258741259,18
"Siarkowska, Anna Maria",PiS,98,2.9081632653061225,1.1938775510204083,1.7142857142857142,1034.5,0.15306122448979592,15,0.29591836734693877,29,0.1326530612244898,13,0.41836734693877553,41,0.19387755102040816,19,0.8061224489795918,79,0.04081632653061224,4,0.1836734693877551,18,0.336734693877551,33,0.05102040816326531,5,0.05102040816326531,5,0.19387755102040816,19,0.05102040816326531,5
"Sibińska, Krystyna",KO,98,3.7857142857142856,1.1224489795918366,2.663265306122449,1174.0,0.3877551020408163,38,0.29591836734693877,29,0.12244897959183673,12,0.2653061224489796,26,0.05102040816326531,5,0.9081632653061225,89,0.10204081632653061,10,0.32653061224489793,32,0.6632653061224489,65,0.05102040816326531,5,0.08163265306122448,8,0.47959183673469385,47,0.05102040816326531,5
"Siekierski, Czesław",KP-PSL,110,1.5727272727272728,0.509090909090909,1.0636363636363637,1365.0,0.0,0,0.3,33,0.0,0,0.2,22,0.00909090909090909,1,0.509090909090909,56,0.01818181818181818,2,0.08181818181818182,9,0.2,22,0.01818181818181818,2,0.00909090909090909,1,0.15454545454545454,17,0.07272727272727272,8
"Sipiera, Zdzisław",PiS,99,1.8484848484848484,0.7070707070707071,1.1414141414141414,1553.0,0.04040404040404041,4,0.0707070707070707,7,0.04040404040404041,4,0.494949494949495,49,0.06060606060606061,6,0.3333333333333333,33,0.0707070707070707,7,0.10101010101010101,10,0.13131313131313133,13,0.10101010101010101,10,0.010101010101010102,1,0.1414141414141414,14,0.25252525252525254,25
"Sitarski, Krzysztof",PiS,234,1.5256410256410255,0.49145299145299143,1.0341880341880343,1029.0,0.021367521367521368,5,0.1752136752136752,41,0.01282051282051282,3,0.25213675213675213,59,0.029914529914529916,7,0.4700854700854701,110,0.042735042735042736,10,0.05555555555555555,13,0.1581196581196581,37,0.038461538461538464,9,0.029914529914529916,7,0.18376068376068377,43,0.05555555555555555,13
"Skowrońska, Krystyna",KO,691,3.267727930535456,0.8856729377713459,2.38205499276411,1028.0,0.36903039073806077,255,0.18234442836468887,126,0.04630969609261939,32,0.23444283646888567,162,0.053545586107091175,37,0.8596237337192475,594,0.1085383502170767,75,0.3125904486251809,216,0.5918958031837916,409,0.0824891461649783,57,0.017366136034732273,12,0.36468885672937773,252,0.04486251808972504,31
"Skurkiewicz, Wojciech",PiS,241,2.2863070539419086,0.7136929460580913,1.5726141078838174,1513.0,0.13278008298755187,32,0.07053941908713693,17,0.06639004149377593,16,0.36929460580912865,89,0.07468879668049792,18,0.6099585062240664,147,0.16597510373443983,40,0.2033195020746888,49,0.2863070539419087,69,0.08298755186721991,20,0.004149377593360996,1,0.15767634854771784,38,0.06224066390041494,15
"Skutecki, Paweł",Konfederacja,112,2.7142857142857144,0.7142857142857143,2.0,932.5,0.09821428571428571,11,0.24107142857142858,27,0.0625,7,0.2767857142857143,31,0.03571428571428571,4,0.7857142857142857,88,0.03571428571428571,4,0.20535714285714285,23,0.38392857142857145,43,0.026785714285714284,3,0.09821428571428571,11,0.42857142857142855,48,0.03571428571428571,4
"Soboń, Artur",PiS,168,1.869047619047619,0.5654761904761905,1.3035714285714286,1958.5,0.041666666666666664,7,0.02976190476190476,5,0.017857142857142856,3,0.4226190476190476,71,0.05357142857142857,9,0.48214285714285715,81,0.125,21,0.1488095238095238,25,0.17261904761904762,29,0.07738095238095238,13,0.023809523809523808,4,0.14285714285714285,24,0.13095238095238096,22
"Sosnowski, Zbigniew",KP-PSL,176,2.1875,0.6818181818181818,1.5056818181818181,1623.0,0.11363636363636363,20,0.16477272727272727,29,0.017045454545454544,3,0.3181818181818182,56,0.06818181818181818,12,0.5965909090909091,105,0.07386363636363637,13,0.18181818181818182,32,0.32954545454545453,58,0.03977272727272727,7,0.017045454545454544,3,0.1534090909090909,27,0.11363636363636363,20
"Sowa, Marek",KO,472,3.5508474576271185,1.0021186440677967,2.5487288135593222,1112.0,0.3411016949152542,161,0.2542372881355932,120,0.1059322033898305,50,0.2330508474576271,110,0.06779661016949153,32,0.8961864406779662,423,0.163135593220339,77,0.3411016949152542,161,0.6610169491525424,312,0.0614406779661017,29,0.03389830508474576,16,0.3707627118644068,175,0.0211864406779661,10
"Sowińska, Anita",Lewica,70,2.8,1.0285714285714285,1.7714285714285714,1100.5,0.22857142857142856,16,0.3,21,0.08571428571428572,6,0.3,21,0.11428571428571428,8,0.7142857142857143,50,0.05714285714285714,4,0.15714285714285714,11,0.44285714285714284,31,0.014285714285714285,1,0.014285714285714285,1,0.34285714285714286,24,0.02857142857142857,2
"Sośnierz, Dobromir",Konfederacja,231,4.45021645021645,1.316017316017316,3.134199134199134,1477.0,0.35064935064935066,81,0.341991341991342,79,0.329004329004329,76,0.22077922077922077,51,0.0735930735930736,17,0.9653679653679653,223,0.19047619047619047,44,0.1471861471861472,34,0.6883116883116883,159,0.13852813852813853,32,0.45454545454545453,105,0.5281385281385281,122,0.021645021645021644,5
"Stanisławek, Andrzej",PiS,174,1.0689655172413792,0.27011494252873564,0.7988505747126436,849.5,0.005747126436781609,1,0.028735632183908046,5,0.017241379310344827,3,0.19540229885057472,34,0.022988505747126436,4,0.3160919540229885,55,0.034482758620689655,6,0.04597701149425287,8,0.06896551724137931,12,0.04597701149425287,8,0.04597701149425287,8,0.1724137931034483,30,0.06896551724137931,12
"Stasiński, Michał",KO,95,3.8421052631578947,1.2,2.642105263157895,1064.0,0.29473684210526313,28,0.29473684210526313,28,0.2,19,0.28421052631578947,27,0.12631578947368421,12,0.9052631578947369,86,0.2631578947368421,25,0.23157894736842105,22,0.6105263157894737,58,0.042105263157894736,4,0.14736842105263157,14,0.3894736842105263,37,0.05263157894736842,5
"Sterczewski, Franciszek",KO,152,4.098684210526316,1.506578947368421,2.5921052631578947,1091.5,0.39473684210526316,60,0.46710526315789475,71,0.16447368421052633,25,0.3618421052631579,55,0.11842105263157894,18,0.9276315789473685,141,0.05921052631578947,9,0.2631578947368421,40,0.6381578947368421,97,0.03289473684210526,5,0.05921052631578947,9,0.46710526315789475,71,0.14473684210526316,22
"Stępień, Elżbieta",KO,229,2.1790393013100435,0.5545851528384279,1.6244541484716157,845.0,0.07860262008733625,18,0.1965065502183406,45,0.021834061135371178,5,0.21397379912663755,49,0.043668122270742356,10,0.6550218340611353,150,0.039301310043668124,9,0.17903930131004367,41,0.3624454148471616,83,0.03056768558951965,7,0.039301310043668124,9,0.24890829694323144,57,0.06986899563318777,16
"Suchoń, Mirosław",KO,1430,2.6321678321678323,0.76993006993007,1.8622377622377622,1133.5,0.17902097902097902,256,0.26853146853146853,384,0.05944055944055944,85,0.21888111888111889,313,0.044055944055944055,63,0.7181818181818181,1027,0.056643356643356645,81,0.17202797202797201,246,0.5377622377622377,769,0.023076923076923078,33,0.05524475524475524,79,0.25944055944055944,371,0.03986013986013986,57
"Suski, Marek",PiS,133,3.5413533834586466,1.1353383458646618,2.406015037593985,1144.0,0.24060150375939848,32,0.10526315789473684,14,0.09022556390977443,12,0.5488721804511278,73,0.15037593984962405,20,0.8571428571428571,114,0.24060150375939848,32,0.3007518796992481,40,0.5037593984962406,67,0.18045112781954886,24,0.03007518796992481,4,0.18045112781954886,24,0.11278195488721804,15
"Suski, Paweł",KO,73,3.808219178082192,1.2191780821917808,2.589041095890411,1018.0,0.3972602739726027,29,0.3150684931506849,23,0.1643835616438356,12,0.2602739726027397,19,0.0821917808219178,6,0.9041095890410958,66,0.1232876712328767,9,0.2602739726027397,19,0.6986301369863014,51,0.1506849315068493,11,0.0821917808219178,6,0.3287671232876712,24,0.0410958904109589,3
"Szczerba, Michał",KO,581,3.5283993115318415,1.0223752151462995,2.5060240963855422,1001.0,0.3080895008605852,179,0.31153184165232356,181,0.10327022375215146,60,0.23407917383820998,136,0.06540447504302926,38,0.9070567986230637,527,0.08950086058519793,52,0.37521514629948366,218,0.6110154905335629,355,0.043029259896729774,25,0.04475043029259897,26,0.4027538726333907,234,0.03270223752151463,19
"Szczurek-Żelazko, Józefa",PiS,267,1.6179775280898876,0.5917602996254682,1.0262172284644195,1650.0,0.0299625468164794,8,0.011235955056179775,3,0.02247191011235955,6,0.50187265917603,134,0.026217228464419477,7,0.36704119850187267,98,0.04868913857677903,13,0.10861423220973783,29,0.0749063670411985,20,0.04119850187265917,11,0.003745318352059925,1,0.18352059925093633,49,0.19850187265917604,53
"Szefernaker, Paweł",PiS,105,1.5904761904761904,0.5619047619047619,1.0285714285714285,1687.0,0.06666666666666667,7,0.01904761904761905,2,0.02857142857142857,3,0.4095238095238095,43,0.0380952380952381,4,0.34285714285714286,36,0.09523809523809523,10,0.10476190476190476,11,0.10476190476190476,11,0.05714285714285714,6,0.0,0,0.12380952380952381,13,0.2,21
"Szejna, Andrzej",Lewica,54,3.4814814814814814,1.2037037037037037,2.2777777777777777,1267.5,0.24074074074074073,13,0.37037037037037035,20,0.16666666666666666,9,0.2962962962962963,16,0.12962962962962962,7,0.8888888888888888,48,0.07407407407407407,4,0.2222222222222222,12,0.5740740740740741,31,0.05555555555555555,3,0.1111111111111111,6,0.3333333333333333,18,0.018518518518518517,1
"Szejnfeld, Adam",KO,211,2.213270142180095,0.5781990521327014,1.6350710900473933,1573.0,0.09004739336492891,19,0.20853080568720378,44,0.061611374407582936,13,0.17061611374407584,36,0.04739336492890995,10,0.6587677725118484,139,0.061611374407582936,13,0.14218009478672985,30,0.4549763033175355,96,0.03317535545023697,7,0.037914691943127965,8,0.2132701421800948,45,0.03317535545023697,7
"Szopiński, Jan",Lewica,635,2.5181102362204726,0.6866141732283465,1.831496062992126,943.0,0.12283464566929134,78,0.2755905511811024,175,0.03622047244094488,23,0.2204724409448819,140,0.031496062992125984,20,0.7039370078740157,447,0.05826771653543307,37,0.215748031496063,137,0.47244094488188976,300,0.026771653543307086,17,0.050393700787401574,32,0.24251968503937008,154,0.06141732283464567,39
"Szramka, Paweł",Kukiz15,138,2.4927536231884058,0.6956521739130435,1.7971014492753623,718.0,0.12318840579710146,17,0.15217391304347827,21,0.07971014492753623,11,0.3115942028985507,43,0.028985507246376812,4,0.6956521739130435,96,0.08695652173913043,12,0.17391304347826086,24,0.3333333333333333,46,0.021739130434782608,3,0.050724637681159424,7,0.2971014492753623,41,0.13768115942028986,19
"Szulowski, Krzysztof",PiS,180,1.788888888888889,0.75,1.038888888888889,1324.5,0.044444444444444446,8,0.12222222222222222,22,0.08888888888888889,16,0.4,72,0.09444444444444444,17,0.4388888888888889,79,0.044444444444444446,8,0.08333333333333333,15,0.16666666666666666,30,0.022222222222222223,4,0.05555555555555555,10,0.12222222222222222,22,0.10555555555555556,19
"Szumilas, Krystyna",KO,149,3.778523489932886,0.9731543624161074,2.8053691275167787,968.0,0.40268456375838924,60,0.3288590604026846,49,0.053691275167785234,8,0.1476510067114094,22,0.040268456375838924,6,0.9463087248322147,141,0.0738255033557047,11,0.3691275167785235,55,0.7114093959731543,106,0.0738255033557047,11,0.06711409395973154,10,0.5302013422818792,79,0.03355704697986577,5
"Szwed, Aleksander",PiS,549,0.4918032786885246,0.14389799635701275,0.34790528233151186,623.0,0.007285974499089253,4,0.007285974499089253,4,0.00546448087431694,3,0.11293260473588343,62,0.01092896174863388,6,0.14389799635701275,79,0.020036429872495445,11,0.020036429872495445,11,0.07103825136612021,39,0.02185792349726776,12,0.009107468123861567,5,0.03278688524590164,18,0.029143897996357013,16
"Szwed, Stanisław",PiS,386,1.2253886010362693,0.5077720207253886,0.7176165803108808,2058.5,0.015544041450777202,6,0.0025906735751295338,1,0.007772020725388601,3,0.46632124352331605,180,0.015544041450777202,6,0.28756476683937826,111,0.03626943005181347,14,0.05699481865284974,22,0.031088082901554404,12,0.025906735751295335,10,0.0,0,0.13730569948186527,53,0.14248704663212436,55
"Szymańska, Ewa",PiS,146,1.5753424657534247,0.5205479452054794,1.0547945205479452,859.5,0.0273972602739726,4,0.08904109589041095,13,0.03424657534246575,5,0.3287671232876712,48,0.0410958904109589,6,0.4657534246575342,68,0.0684931506849315,10,0.0958904109589041,14,0.11643835616438356,17,0.06164383561643835,9,0.0136986301369863,2,0.17123287671232876,25,0.06164383561643835,9
"Szymański, Antoni",PiS,234,0.9401709401709402,0.33760683760683763,0.6025641025641025,1067.5,0.0,0,0.0641025641025641,15,0.004273504273504274,1,0.23504273504273504,55,0.03418803418803419,8,0.27350427350427353,64,0.008547008547008548,2,0.01282051282051282,3,0.038461538461538464,9,0.0,0,0.029914529914529916,7,0.10256410256410256,24,0.13675213675213677,32
"Szymański, Tomasz",KO,101,3.6930693069306932,1.00990099009901,2.6831683168316833,1302.0,0.22772277227722773,23,0.37623762376237624,38,0.1188118811881188,12,0.24752475247524752,25,0.039603960396039604,4,0.8712871287128713,88,0.12871287128712872,13,0.4158415841584158,42,0.6633663366336634,67,0.06930693069306931,7,0.1188118811881188,12,0.3564356435643564,36,0.0594059405940594,6
"Szynkowski vel Sęk, Szymon",PiS,61,3.1311475409836067,0.9508196721311475,2.180327868852459,1759.0,0.06557377049180328,4,0.08196721311475409,5,0.09836065573770492,6,0.6229508196721312,38,0.08196721311475409,5,0.8688524590163934,53,0.11475409836065574,7,0.22950819672131148,14,0.29508196721311475,18,0.14754098360655737,9,0.04918032786885246,3,0.3114754098360656,19,0.16393442622950818,10
"Szłapka, Adam",KO,283,3.7985865724381624,1.1236749116607774,2.674911660777385,1089.0,0.3745583038869258,106,0.303886925795053,86,0.1519434628975265,43,0.2049469964664311,58,0.08833922261484099,25,0.9293286219081273,263,0.22968197879858657,65,0.3215547703180212,91,0.773851590106007,219,0.04946996466431095,14,0.0706713780918728,20,0.26148409893992935,74,0.038869257950530034,11
"Słoń, Krzysztof",PiS,215,0.786046511627907,0.26046511627906976,0.5255813953488372,1171.0,0.004651162790697674,1,0.037209302325581395,8,0.004651162790697674,1,0.17674418604651163,38,0.037209302325581395,8,0.22325581395348837,48,0.04186046511627907,9,0.05116279069767442,11,0.07441860465116279,16,0.009302325581395349,2,0.0,0,0.05581395348837209,12,0.06976744186046512,15
"Sługocki, Waldemar",KO,381,1.2388451443569555,0.2440944881889764,0.994750656167979,897.0,0.03674540682414698,14,0.049868766404199474,19,0.007874015748031496,3,0.13123359580052493,50,0.01837270341207349,7,0.4330708661417323,165,0.07086614173228346,27,0.09711286089238845,37,0.23622047244094488,90,0.010498687664041995,4,0.049868766404199474,19,0.06561679790026247,25,0.031496062992125984,12
"Tarczyński, Dominik",PiS,56,3.875,1.1071428571428572,2.767857142857143,860.0,0.4642857142857143,26,0.07142857142857142,4,0.14285714285714285,8,0.3392857142857143,19,0.08928571428571429,5,0.8571428571428571,48,0.4107142857142857,23,0.375,21,0.625,35,0.10714285714285714,6,0.05357142857142857,3,0.2857142857142857,16,0.05357142857142857,3
"Tchórzewski, Krzysztof",PiS,156,1.4935897435897436,0.5641025641025641,0.9294871794871795,1750.5,0.019230769230769232,3,0.057692307692307696,9,0.00641025641025641,1,0.46153846153846156,72,0.019230769230769232,3,0.3717948717948718,58,0.038461538461538464,6,0.07692307692307693,12,0.10897435897435898,17,0.03205128205128205,5,0.0,0,0.1346153846153846,21,0.16666666666666666,26
"Telus, Robert",PiS,197,3.416243654822335,1.0,2.416243654822335,1633.0,0.1065989847715736,21,0.06598984771573604,13,0.06091370558375635,12,0.6598984771573604,130,0.1065989847715736,21,0.8121827411167513,160,0.24873096446700507,49,0.2131979695431472,42,0.4467005076142132,88,0.22842639593908629,45,0.01015228426395939,2,0.3197969543147208,63,0.13705583756345177,27
"Termiński, Przemysław",KO,84,1.5476190476190477,0.30952380952380953,1.2380952380952381,1201.5,0.08333333333333333,7,0.13095238095238096,11,0.023809523809523808,2,0.047619047619047616,4,0.023809523809523808,2,0.42857142857142855,36,0.09523809523809523,8,0.047619047619047616,4,0.2261904761904762,19,0.03571428571428571,3,0.15476190476190477,13,0.23809523809523808,20,0.011904761904761904,1
"Tokarska, Genowefa",KP-PSL,361,1.7700831024930748,0.46537396121883656,1.3047091412742382,2519.0,0.060941828254847646,22,0.18005540166204986,65,0.013850415512465374,5,0.18559556786703602,67,0.024930747922437674,9,0.5346260387811634,193,0.04155124653739612,15,0.14681440443213298,53,0.32132963988919666,116,0.0110803324099723,4,0.019390581717451522,7,0.1994459833795014,72,0.030470914127423823,11
"Tomaszewska, Ewa",PiS,213,1.1314553990610328,0.40375586854460094,0.7276995305164319,635.0,0.004694835680751174,1,0.09859154929577464,21,0.0,0,0.23943661971830985,51,0.06103286384976526,13,0.352112676056338,75,0.018779342723004695,4,0.056338028169014086,12,0.11267605633802817,24,0.018779342723004695,4,0.0,0,0.11737089201877934,25,0.051643192488262914,11
"Tomaszewski, Tadeusz",Lewica,352,1.3295454545454546,0.3806818181818182,0.9488636363636364,927.5,0.017045454545454544,6,0.1534090909090909,54,0.0,0,0.19602272727272727,69,0.014204545454545454,5,0.4034090909090909,142,0.014204545454545454,5,0.07670454545454546,27,0.14204545454545456,50,0.002840909090909091,1,0.008522727272727272,3,0.21022727272727273,74,0.09090909090909091,32
"Tomczak, Jacek",KP-PSL,62,2.129032258064516,0.5645161290322581,1.564516129032258,958.5,0.04838709677419355,3,0.25806451612903225,16,0.0,0,0.24193548387096775,15,0.016129032258064516,1,0.6129032258064516,38,0.0,0,0.16129032258064516,10,0.3548387096774194,22,0.03225806451612903,2,0.08064516129032258,5,0.27419354838709675,17,0.04838709677419355,3
"Tomczyk, Cezary",KO,129,4.217054263565892,1.3488372093023255,2.868217054263566,1199.0,0.4883720930232558,63,0.24031007751937986,31,0.17829457364341086,23,0.24031007751937986,31,0.20155038759689922,26,0.9612403100775194,124,0.24806201550387597,32,0.34108527131782945,44,0.7286821705426356,94,0.07751937984496124,10,0.07751937984496124,10,0.4263565891472868,55,0.007751937984496124,1
"Tracz, Małgorzata",KO,74,3.5405405405405403,1.2027027027027026,2.3378378378378377,1071.0,0.24324324324324326,18,0.47297297297297297,35,0.05405405405405406,4,0.3108108108108108,23,0.12162162162162163,9,0.9054054054054054,67,0.013513513513513514,1,0.3108108108108108,23,0.6756756756756757,50,0.013513513513513514,1,0.0945945945945946,7,0.28378378378378377,21,0.04054054054054054,3
"Truskolaski, Krzysztof",KO,239,3.1589958158995817,0.8661087866108786,2.292887029288703,950.0,0.2719665271966527,65,0.30962343096234307,74,0.0502092050209205,12,0.1799163179916318,43,0.05439330543933055,13,0.799163179916318,191,0.09205020920502092,22,0.3054393305439331,73,0.602510460251046,144,0.04602510460251046,11,0.07112970711297072,17,0.35564853556485354,85,0.02092050209205021,5
"Tuduj, Krzysztof",Konfederacja,72,3.263888888888889,1.0694444444444444,2.1944444444444446,2316.5,0.027777777777777776,2,0.3888888888888889,28,0.1111111111111111,8,0.4305555555555556,31,0.1111111111111111,8,0.8611111111111112,62,0.08333333333333333,6,0.1111111111111111,8,0.3888888888888889,28,0.09722222222222222,7,0.06944444444444445,5,0.5,36,0.08333333333333333,6
"Tułajew, Sylwester",PiS,132,2.0757575757575757,0.8712121212121212,1.2045454545454546,1491.0,0.015151515151515152,2,0.06060606060606061,8,0.022727272727272728,3,0.6515151515151515,86,0.12121212121212122,16,0.5151515151515151,68,0.06818181818181818,9,0.07575757575757576,10,0.14393939393939395,19,0.06060606060606061,8,0.0,0,0.14393939393939395,19,0.19696969696969696,26
"Ueberhan, Katarzyna",Lewica,90,2.811111111111111,1.011111111111111,1.8,1294.0,0.12222222222222222,11,0.26666666666666666,24,0.16666666666666666,15,0.3111111111111111,28,0.14444444444444443,13,0.7222222222222222,65,0.022222222222222223,2,0.23333333333333334,21,0.5222222222222223,47,0.0,0,0.044444444444444446,4,0.17777777777777778,16,0.07777777777777778,7
"Ujazdowski, Kazimierz Michał",KO,115,2.1652173913043478,0.8,1.3652173913043477,1605.0,0.017391304347826087,2,0.11304347826086956,13,0.017391304347826087,2,0.45217391304347826,52,0.2,23,0.591304347826087,68,0.05217391304347826,6,0.19130434782608696,22,0.2956521739130435,34,0.034782608695652174,4,0.017391304347826087,2,0.08695652173913043,10,0.09565217391304348,11
"Urbaniak, Jarosław",KO,157,4.038216560509555,1.2484076433121019,2.789808917197452,998.0,0.5222929936305732,82,0.35668789808917195,56,0.12738853503184713,20,0.1337579617834395,21,0.10828025477707007,17,0.9554140127388535,150,0.16560509554140126,26,0.3057324840764331,48,0.7643312101910829,120,0.06369426751592357,10,0.08280254777070063,13,0.45222929936305734,71,0.0,0
"Urbaniak, Michał",Konfederacja,152,3.4539473684210527,1.1710526315789473,2.2828947368421053,2012.5,0.07236842105263158,11,0.5789473684210527,88,0.08552631578947369,13,0.3157894736842105,48,0.11842105263157894,18,0.8881578947368421,135,0.06578947368421052,10,0.17763157894736842,27,0.6447368421052632,98,0.06578947368421052,10,0.02631578947368421,4,0.35526315789473684,54,0.05921052631578947,9
"Uściński, Piotr",PiS,146,1.8904109589041096,0.684931506849315,1.2054794520547945,1250.0,0.0273972602739726,4,0.0821917808219178,12,0.0273972602739726,4,0.4726027397260274,69,0.07534246575342465,11,0.4520547945205479,66,0.0684931506849315,10,0.03424657534246575,5,0.1643835616438356,24,0.06164383561643835,9,0.0547945205479452,8,0.21232876712328766,31,0.15753424657534246,23
"Wach, Piotr",KO,203,1.019704433497537,0.2512315270935961,0.7684729064039408,1116.0,0.009852216748768473,2,0.10344827586206896,21,0.014778325123152709,3,0.09852216748768473,20,0.024630541871921183,5,0.33004926108374383,67,0.024630541871921183,5,0.06896551724137931,14,0.2315270935960591,47,0.014778325123152709,3,0.024630541871921183,5,0.06403940886699508,13,0.009852216748768473,2
"Warchoł, Marcin",PiS,56,1.8035714285714286,0.6964285714285714,1.1071428571428572,2061.5,0.017857142857142856,1,0.07142857142857142,4,0.03571428571428571,2,0.48214285714285715,27,0.08928571428571429,5,0.4642857142857143,26,0.017857142857142856,1,0.03571428571428571,2,0.14285714285714285,8,0.017857142857142856,1,0.03571428571428571,2,0.21428571428571427,12,0.17857142857142858,10
"Wargocka, Teresa",PiS,147,2.292517006802721,0.7891156462585034,1.5034013605442176,1471.0,0.11564625850340136,17,0.06802721088435375,10,0.047619047619047616,7,0.4897959183673469,72,0.06802721088435375,10,0.5850340136054422,86,0.08843537414965986,13,0.20408163265306123,30,0.22448979591836735,33,0.027210884353741496,4,0.02040816326530612,3,0.20408163265306123,30,0.14965986394557823,22
"Warzocha, Artur",PiS,68,1.7647058823529411,0.4852941176470588,1.2794117647058822,1843.5,0.029411764705882353,2,0.058823529411764705,4,0.058823529411764705,4,0.2647058823529412,18,0.07352941176470588,5,0.4411764705882353,30,0.08823529411764706,6,0.11764705882352941,8,0.25,17,0.058823529411764705,4,0.04411764705882353,3,0.17647058823529413,12,0.10294117647058823,7
"Wasilewska, Anna",KO,87,2.1954022988505746,0.6091954022988506,1.5862068965517242,1024.0,0.05747126436781609,5,0.28735632183908044,25,0.011494252873563218,1,0.21839080459770116,19,0.034482758620689655,3,0.6206896551724138,54,0.05747126436781609,5,0.1839080459770115,16,0.40229885057471265,35,0.011494252873563218,1,0.011494252873563218,1,0.2413793103448276,21,0.05747126436781609,5
"Wawrzyk, Piotr",PiS,109,1.1376146788990826,0.3669724770642202,0.7706422018348624,857.0,0.027522935779816515,3,0.03669724770642202,4,0.01834862385321101,2,0.24770642201834864,27,0.03669724770642202,4,0.3486238532110092,38,0.10091743119266056,11,0.07339449541284404,8,0.11009174311926606,12,0.027522935779816515,3,0.0,0,0.045871559633027525,5,0.06422018348623854,7
"Wcisła, Jerzy",KO,363,1.884297520661157,0.47107438016528924,1.4132231404958677,1147.0,0.05509641873278237,20,0.21212121212121213,77,0.03305785123966942,12,0.0881542699724518,32,0.08264462809917356,30,0.5289256198347108,192,0.06887052341597796,25,0.10192837465564739,37,0.38016528925619836,138,0.04132231404958678,15,0.08264462809917356,30,0.18732782369146006,68,0.02203856749311295,8
"Wcisło, Marta",KO,165,3.4424242424242424,1.0909090909090908,2.3515151515151516,954.0,0.2787878787878788,46,0.49696969696969695,82,0.024242424242424242,4,0.2545454545454545,42,0.03636363636363636,6,0.8848484848484849,146,0.04242424242424243,7,0.24242424242424243,40,0.5818181818181818,96,0.01818181818181818,3,0.06666666666666667,11,0.47878787878787876,79,0.03636363636363636,6
"Weber, Rafał",PiS,286,1.8181818181818181,0.7062937062937062,1.1118881118881119,1995.5,0.05244755244755245,15,0.02097902097902098,6,0.03146853146853147,9,0.5524475524475524,158,0.04895104895104895,14,0.42657342657342656,122,0.07342657342657342,21,0.05944055944055944,17,0.12237762237762238,35,0.06293706293706294,18,0.0034965034965034965,1,0.19230769230769232,55,0.17132867132867133,49
"Wiatr, Kazimierz",PiS,252,1.5119047619047619,0.4642857142857143,1.0476190476190477,1499.5,0.06746031746031746,17,0.03968253968253968,10,0.027777777777777776,7,0.25,63,0.07936507936507936,20,0.38492063492063494,97,0.11904761904761904,30,0.11904761904761904,30,0.10317460317460317,26,0.03571428571428571,9,0.031746031746031744,8,0.1388888888888889,35,0.11507936507936507,29
"Wieczorek, Dariusz",Lewica,178,2.1123595505617976,0.5280898876404494,1.5842696629213484,1060.0,0.06741573033707865,12,0.20224719101123595,36,0.016853932584269662,3,0.21910112359550563,39,0.02247191011235955,4,0.6292134831460674,112,0.033707865168539325,6,0.14606741573033707,26,0.3707865168539326,66,0.033707865168539325,6,0.05056179775280899,9,0.2696629213483146,48,0.05056179775280899,9
"Wielichowska, Monika",KO,250,3.98,1.444,2.536,1143.0,0.424,106,0.46,115,0.168,42,0.228,57,0.164,41,0.92,230,0.072,18,0.452,113,0.692,173,0.044,11,0.056,14,0.272,68,0.028,7
"Wilczyński, Ryszard",KO,366,2.9371584699453552,0.7896174863387978,2.1475409836065573,1046.0,0.23770491803278687,87,0.20491803278688525,75,0.05737704918032787,21,0.2568306010928962,94,0.03278688524590164,12,0.8005464480874317,293,0.12295081967213115,45,0.2459016393442623,90,0.45901639344262296,168,0.03278688524590164,12,0.13934426229508196,51,0.31693989071038253,116,0.030054644808743168,11
"Wilk, Jacek",Konfederacja,61,4.442622950819672,1.5737704918032787,2.8688524590163933,3195.0,0.16393442622950818,10,0.5573770491803278,34,0.2459016393442623,15,0.3770491803278688,23,0.22950819672131148,14,0.9508196721311475,58,0.08196721311475409,5,0.19672131147540983,12,0.6229508196721312,38,0.06557377049180328,4,0.4098360655737705,25,0.5245901639344263,32,0.01639344262295082,1
"Winnicki, Robert",Konfederacja,453,4.196467991169978,1.5938189845474613,2.6026490066225167,1147.0,0.2737306843267108,124,0.4282560706401766,194,0.282560706401766,128,0.3443708609271523,156,0.26490066225165565,120,0.9668874172185431,438,0.1390728476821192,63,0.2869757174392936,130,0.7108167770419426,322,0.06622516556291391,30,0.1390728476821192,63,0.2693156732891832,122,0.024282560706401765,11
"Wojciechowski, Grzegorz",PiS,94,0.7659574468085106,0.24468085106382978,0.5212765957446809,716.0,0.0,0,0.06382978723404255,6,0.0,0,0.1702127659574468,16,0.010638297872340425,1,0.2765957446808511,26,0.0425531914893617,4,0.02127659574468085,2,0.02127659574468085,2,0.010638297872340425,1,0.02127659574468085,2,0.0851063829787234,8,0.0425531914893617,4
"Wojtyła, Andrzej",PiS,53,1.1320754716981132,0.39622641509433965,0.7358490566037735,1286.0,0.018867924528301886,1,0.05660377358490566,3,0.018867924528301886,1,0.2830188679245283,15,0.018867924528301886,1,0.32075471698113206,17,0.05660377358490566,3,0.018867924528301886,1,0.09433962264150944,5,0.018867924528301886,1,0.018867924528301886,1,0.20754716981132076,11,0.0,0
"Wolski, Zdzisław",Lewica,101,2.227722772277228,0.7227722772277227,1.504950495049505,931.0,0.0297029702970297,3,0.42574257425742573,43,0.009900990099009901,1,0.2376237623762376,24,0.019801980198019802,2,0.6831683168316832,69,0.0,0,0.13861386138613863,14,0.39603960396039606,40,0.0,0,0.0297029702970297,3,0.22772277227722773,23,0.0297029702970297,3
"Woś, Michał",PiS,60,2.05,0.65,1.4,1285.0,0.11666666666666667,7,0.03333333333333333,2,0.05,3,0.4,24,0.05,3,0.5333333333333333,32,0.06666666666666667,4,0.2,12,0.2,12,0.05,3,0.06666666666666667,4,0.21666666666666667,13,0.06666666666666667,4
"Wróblewska, Kornelia",KO,112,2.9732142857142856,0.8660714285714286,2.107142857142857,1277.0,0.10714285714285714,12,0.2767857142857143,31,0.026785714285714284,3,0.375,42,0.08035714285714286,9,0.8214285714285714,92,0.017857142857142856,2,0.26785714285714285,30,0.4375,49,0.026785714285714284,3,0.05357142857142857,6,0.33035714285714285,37,0.15178571428571427,17
"Wróblewska, Krystyna",PiS,85,2.235294117647059,0.8352941176470589,1.4,912.0,0.011764705882352941,1,0.09411764705882353,8,0.023529411764705882,2,0.6470588235294118,55,0.058823529411764705,5,0.6705882352941176,57,0.023529411764705882,2,0.08235294117647059,7,0.11764705882352941,10,0.03529411764705882,3,0.011764705882352941,1,0.27058823529411763,23,0.18823529411764706,16
"Wróblewski, Bartłomiej",PiS,140,1.2285714285714286,0.45714285714285713,0.7714285714285715,1792.5,0.007142857142857143,1,0.03571428571428571,5,0.02142857142857143,3,0.35,49,0.04285714285714286,6,0.2785714285714286,39,0.04285714285714286,6,0.05,7,0.05714285714285714,8,0.04285714285714286,6,0.014285714285714285,2,0.1,14,0.18571428571428572,26
"Wójcik, Marek",KO,177,2.1807909604519775,0.5649717514124294,1.615819209039548,1204.0,0.06779661016949153,12,0.23728813559322035,42,0.011299435028248588,2,0.20903954802259886,37,0.03954802259887006,7,0.6384180790960452,113,0.06779661016949153,12,0.1977401129943503,35,0.4406779661016949,78,0.011299435028248588,2,0.02824858757062147,5,0.192090395480226,34,0.03954802259887006,7
"Wójcik, Michał",PiS,218,2.4954128440366974,0.8532110091743119,1.6422018348623852,2611.5,0.11926605504587157,26,0.0963302752293578,21,0.05504587155963303,12,0.44495412844036697,97,0.13761467889908258,30,0.573394495412844,125,0.12385321100917432,27,0.22935779816513763,50,0.21100917431192662,46,0.11009174311926606,24,0.01834862385321101,4,0.2706422018348624,59,0.10550458715596331,23
"Wąsik, Maciej",PiS,270,2.3407407407407406,0.7185185185185186,1.6222222222222222,1340.0,0.09259259259259259,25,0.11851851851851852,32,0.04814814814814815,13,0.4111111111111111,111,0.04814814814814815,13,0.6185185185185185,167,0.16666666666666666,45,0.2111111111111111,57,0.22592592592592592,61,0.1037037037037037,28,0.014814814814814815,4,0.18518518518518517,50,0.0962962962962963,26
"Włosowicz, Jacek",PiS,111,0.4594594594594595,0.12612612612612611,0.3333333333333333,1134.0,0.018018018018018018,2,0.02702702702702703,3,0.009009009009009009,1,0.05405405405405406,6,0.018018018018018018,2,0.13513513513513514,15,0.02702702702702703,3,0.02702702702702703,3,0.05405405405405406,6,0.0,0,0.02702702702702703,3,0.05405405405405406,6,0.009009009009009009,1
"Zagórski, Marek",PiS,74,0.7297297297297297,0.2702702702702703,0.4594594594594595,2663.0,0.0,0,0.0,0,0.013513513513513514,1,0.24324324324324326,18,0.013513513513513514,1,0.14864864864864866,11,0.02702702702702703,2,0.013513513513513514,1,0.04054054054054054,3,0.013513513513513514,1,0.0,0,0.0945945945945946,7,0.12162162162162163,9
"Zając, Józef",PiS,151,1.3841059602649006,0.45695364238410596,0.9271523178807947,845.0,0.026490066225165563,4,0.1390728476821192,21,0.039735099337748346,6,0.2185430463576159,33,0.033112582781456956,5,0.423841059602649,64,0.039735099337748346,6,0.039735099337748346,6,0.07947019867549669,12,0.013245033112582781,2,0.033112582781456956,5,0.2582781456953642,39,0.039735099337748346,6
"Zandberg, Adrian",Lewica,72,4.263888888888889,1.5555555555555556,2.7083333333333335,1429.0,0.3472222222222222,25,0.375,27,0.16666666666666666,12,0.4444444444444444,32,0.2222222222222222,16,0.9861111111111112,71,0.19444444444444445,14,0.2638888888888889,19,0.6666666666666666,48,0.06944444444444445,5,0.013888888888888888,1,0.4722222222222222,34,0.041666666666666664,3
"Zdrojewska, Barbara",KO,605,2.330578512396694,0.5950413223140496,1.7355371900826446,1101.0,0.11074380165289256,67,0.17355371900826447,105,0.05454545454545454,33,0.171900826446281,104,0.08429752066115702,51,0.6826446280991736,413,0.10413223140495868,63,0.21322314049586777,129,0.43305785123966944,262,0.04132231404958678,25,0.03305785123966942,20,0.20826446280991737,126,0.019834710743801654,12
"Zdrojewski, Bogdan",KO,239,1.891213389121339,0.6778242677824268,1.213389121338912,1528.0,0.016736401673640166,4,0.15481171548117154,37,0.02510460251046025,6,0.35564853556485354,85,0.12552301255230125,30,0.502092050209205,120,0.058577405857740586,14,0.16317991631799164,39,0.2301255230125523,55,0.02092050209205021,5,0.008368200836820083,2,0.16317991631799164,39,0.06694560669456066,16
"Zembaczyński, Witold",KO,147,3.673469387755102,1.08843537414966,2.5850340136054424,1143.0,0.272108843537415,40,0.3401360544217687,50,0.16326530612244897,24,0.19727891156462585,29,0.11564625850340136,17,0.9047619047619048,133,0.1292517006802721,19,0.3401360544217687,50,0.7619047619047619,112,0.013605442176870748,2,0.10884353741496598,16,0.29931972789115646,44,0.027210884353741496,4
"Zgorzelski, Piotr",KP-PSL,108,3.685185185185185,1.1574074074074074,2.5277777777777777,1025.5,0.26851851851851855,29,0.3611111111111111,39,0.14814814814814814,16,0.25925925925925924,28,0.12037037037037036,13,0.9074074074074074,98,0.07407407407407407,8,0.3611111111111111,39,0.6944444444444444,75,0.08333333333333333,9,0.14814814814814814,16,0.23148148148148148,25,0.027777777777777776,3
"Ziejewski, Zbigniew",KP-PSL,59,1.3898305084745763,0.4745762711864407,0.9152542372881356,2845.0,0.0,0,0.288135593220339,17,0.0,0,0.1864406779661017,11,0.0,0,0.3728813559322034,22,0.0,0,0.1016949152542373,6,0.05084745762711865,3,0.0,0,0.0,0,0.3389830508474576,20,0.05084745762711865,3
"Zielińska, Urszula",KO,86,3.604651162790698,1.2209302325581395,2.383720930232558,1097.5,0.1744186046511628,15,0.5581395348837209,48,0.05813953488372093,5,0.313953488372093,27,0.11627906976744186,10,0.9302325581395349,80,0.023255813953488372,2,0.20930232558139536,18,0.627906976744186,54,0.0,0,0.05813953488372093,5,0.4883720930232558,42,0.046511627906976744,4
"Zientarski, Piotr",KO,354,2.211864406779661,0.5875706214689266,1.6242937853107344,1250.0,0.059322033898305086,21,0.062146892655367235,22,0.05084745762711865,18,0.2740112994350282,97,0.14124293785310735,50,0.655367231638418,232,0.1553672316384181,55,0.20903954802259886,74,0.3418079096045198,121,0.03389830508474576,12,0.03389830508474576,12,0.1497175141242938,53,0.04519774011299435,16
"Ziobro, Zbigniew",PiS,127,4.299212598425197,1.4960629921259843,2.8031496062992125,3144.0,0.1889763779527559,24,0.14960629921259844,19,0.25984251968503935,33,0.5905511811023622,75,0.30708661417322836,39,0.8976377952755905,114,0.2677165354330709,34,0.3779527559055118,48,0.5275590551181102,67,0.29133858267716534,37,0.08661417322834646,11,0.30708661417322836,39,0.047244094488188976,6
"Zuba, Maria",PiS,106,1.7641509433962264,0.5094339622641509,1.2547169811320755,1326.0,0.05660377358490566,6,0.05660377358490566,6,0.018867924528301886,2,0.330188679245283,35,0.04716981132075472,5,0.46226415094339623,49,0.0660377358490566,7,0.12264150943396226,13,0.2358490566037736,25,0.09433962264150944,10,0.009433962264150943,1,0.22641509433962265,24,0.03773584905660377,4
"Zubowski, Wojciech",PiS,108,1.2685185185185186,0.3425925925925926,0.9259259259259259,1208.0,0.018518518518518517,2,0.027777777777777776,3,0.009259259259259259,1,0.26851851851851855,29,0.018518518518518517,2,0.35185185185185186,38,0.10185185185185185,11,0.09259259259259259,10,0.1574074074074074,17,0.07407407407407407,8,0.0,0,0.12037037037037036,13,0.027777777777777776,3
"Zwiercan, Małgorzata",PiS,569,1.5518453427065027,0.6994727592267135,0.8523725834797891,2288.0,0.012302284710017574,7,0.056239015817223195,32,0.026362038664323375,15,0.5026362038664324,286,0.10193321616871705,58,0.3233743409490334,184,0.008787346221441126,5,0.05799648506151142,33,0.10017574692442882,57,0.019332161687170474,11,0.007029876977152899,4,0.11775043936731107,67,0.2179261862917399,124
"Zyska, Ireneusz",PiS,370,1.781081081081081,0.654054054054054,1.127027027027027,3634.5,0.02972972972972973,11,0.1,37,0.051351351351351354,19,0.40540540540540543,150,0.06756756756756757,25,0.4594594594594595,170,0.05945945945945946,22,0.08378378378378379,31,0.21621621621621623,80,0.03783783783783784,14,0.008108108108108109,3,0.14594594594594595,54,0.11621621621621622,43
"Łopata, Jan",KP-PSL,158,2.3607594936708862,0.7025316455696202,1.6582278481012658,1948.5,0.04430379746835443,7,0.20253164556962025,32,0.012658227848101266,2,0.3987341772151899,63,0.04430379746835443,7,0.6645569620253164,105,0.02531645569620253,4,0.20253164556962025,32,0.34810126582278483,55,0.0379746835443038,6,0.03164556962025317,5,0.25949367088607594,41,0.08860759493670886,14
"Łośko, Magdalena",KO,50,2.82,0.8,2.02,935.0,0.04,2,0.58,29,0.02,1,0.14,7,0.02,1,0.76,38,0.02,1,0.22,11,0.52,26,0.0,0,0.06,3,0.42,21,0.02,1
"Łyczak, Józef",PiS,128,1.6953125,0.609375,1.0859375,937.0,0.0546875,7,0.171875,22,0.046875,6,0.3046875,39,0.03125,4,0.4765625,61,0.0234375,3,0.0625,8,0.1640625,21,0.015625,2,0.0078125,1,0.25,32,0.0859375,11
"Łącki, Artur",KO,169,3.502958579881657,1.165680473372781,2.337278106508876,1186.0,0.33727810650887574,57,0.3431952662721893,58,0.09467455621301775,16,0.28994082840236685,49,0.10059171597633136,17,0.8875739644970414,150,0.1242603550295858,21,0.1952662721893491,33,0.5266272189349113,89,0.023668639053254437,4,0.047337278106508875,8,0.48520710059171596,82,0.047337278106508875,8
"Ścigaj, Agnieszka",Kukiz15,118,3.2288135593220337,0.864406779661017,2.364406779661017,2600.0,0.05084745762711865,6,0.1271186440677966,15,0.01694915254237288,2,0.5084745762711864,60,0.16101694915254236,19,0.7966101694915254,94,0.03389830508474576,4,0.3135593220338983,37,0.4491525423728814,53,0.07627118644067797,9,0.06779661016949153,8,0.4915254237288136,58,0.13559322033898305,16
"Śledzińska-Katarasińska, Iwona",KO,148,3.5405405405405403,1.162162162162162,2.3783783783783785,1398.5,0.4391891891891892,65,0.0945945945945946,14,0.20270270270270271,30,0.34459459459459457,51,0.08108108108108109,12,0.8783783783783784,130,0.1554054054054054,23,0.3108108108108108,46,0.6148648648648649,91,0.04054054054054054,6,0.06756756756756757,10,0.23648648648648649,35,0.07432432432432433,11
"Ślusarz, Rafał",PiS,102,1.5392156862745099,0.4411764705882353,1.0980392156862746,1091.5,0.0196078431372549,2,0.0784313725490196,8,0.049019607843137254,5,0.23529411764705882,24,0.058823529411764705,6,0.45098039215686275,46,0.049019607843137254,5,0.06862745098039216,7,0.19607843137254902,20,0.058823529411764705,6,0.049019607843137254,5,0.14705882352941177,15,0.0784313725490196,8
"Śmiszek, Krzysztof",Lewica,76,4.131578947368421,1.5,2.6315789473684212,1312.0,0.27631578947368424,21,0.39473684210526316,30,0.2894736842105263,22,0.3684210526315789,28,0.17105263157894737,13,0.8947368421052632,68,0.11842105263157894,9,0.3684210526315789,28,0.6578947368421053,50,0.05263157894736842,4,0.06578947368421052,5,0.32894736842105265,25,0.14473684210526316,11
"Świat, Jacek",PiS,53,1.8113207547169812,0.8301886792452831,0.9811320754716981,1616.0,0.07547169811320754,4,0.018867924528301886,1,0.05660377358490566,3,0.5660377358490566,30,0.11320754716981132,6,0.4339622641509434,23,0.018867924528301886,1,0.11320754716981132,6,0.05660377358490566,3,0.018867924528301886,1,0.0,0,0.11320754716981132,6,0.22641509433962265,12
"Święcicki, Marcin",KO,240,2.75,0.7,2.05,1165.5,0.07916666666666666,19,0.25833333333333336,62,0.029166666666666667,7,0.25833333333333336,62,0.075,18,0.825,198,0.025,6,0.2791666666666667,67,0.49166666666666664,118,0.008333333333333333,2,0.12916666666666668,31,0.25,60,0.041666666666666664,10
"Żaryn, Jan",PiS,331,2.202416918429003,0.9577039274924471,1.244712990936556,2297.0,0.01812688821752266,6,0.07250755287009064,24,0.06948640483383686,23,0.5166163141993958,171,0.2809667673716012,93,0.6012084592145015,199,0.03927492447129909,13,0.07854984894259819,26,0.229607250755287,76,0.00906344410876133,3,0.01812688821752266,6,0.1268882175226586,42,0.1419939577039275,47
"Żelazowska, Bożena",KP-PSL,92,1.9782608695652173,0.7282608695652174,1.25,2260.5,0.021739130434782608,2,0.21739130434782608,20,0.010869565217391304,1,0.44565217391304346,41,0.03260869565217391,3,0.5,46,0.010869565217391304,1,0.11956521739130435,11,0.14130434782608695,13,0.0,0,0.010869565217391304,1,0.20652173913043478,19,0.2608695652173913,24
"Żmijan, Stanisław",KO,72,2.9444444444444446,0.6805555555555556,2.263888888888889,1249.0,0.19444444444444445,14,0.125,9,0.027777777777777776,2,0.3194444444444444,23,0.013888888888888888,1,0.8472222222222222,61,0.09722222222222222,7,0.19444444444444445,14,0.6388888888888888,46,0.027777777777777776,2,0.08333333333333333,6,0.3472222222222222,25,0.027777777777777776,2
